{"stats":{"minecraft:broken":{"minecraft:golden_helmet":1,"simplyswords:gold_halberd":1,"minecraft:leather_chestplate":1,"minecraft:golden_leggings":1,"minecraft:golden_axe":1,"minecraft:wooden_axe":1},"minecraft:killed":{"alexsmobs:raccoon":1,"minecraft:spider":2,"creeperoverhaul:bamboo_creeper":1,"minecraft:skeleton":3,"minecraft:horse":1,"creeperoverhaul:jungle_creeper":2,"alexsmobs:bison":1,"minecraft:illusioner":1,"alexsmobs:grizzly_bear":1,"minecraft:zombie_villager":1,"minecraft:squid":2,"minecraft:zombie":5,"iceandfire:ghost":4},"minecraft:custom":{"minecraft:mob_kills":27,"minecraft:interact_with_crafting_table":25,"minecraft:open_barrel":1,"minecraft:eat_cake_slice":7,"minecraft:leave_game":6,"minecraft:time_since_death":51127,"minecraft:damage_resisted":489,"minecraft:climb_one_cm":4622,"minecraft:sprint_one_cm":830626,"minecraft:walk_one_cm":779380,"minecraft:drop":28,"minecraft:play_time":278810,"minecraft:deaths":12,"minecraft:sneak_time":1149,"minecraft:walk_under_water_one_cm":50639,"minecraft:jump":2709,"minecraft:walk_on_water_one_cm":27821,"minecraft:total_world_time":278810,"minecraft:interact_with_furnace":5,"minecraft:sleep_in_bed":21,"minecraft:time_since_rest":1076,"minecraft:waystone_activated":3,"minecraft:damage_taken":15516,"minecraft:damage_absorbed":648,"minecraft:trigger_trapped_chest":2,"minecraft:damage_dealt":6683,"minecraft:swim_one_cm":67975,"minecraft:fly_one_cm":382927,"minecraft:open_chest":59,"minecraft:crouch_one_cm":2458,"tombstone:undead_killed":13,"minecraft:fall_one_cm":51682},"minecraft:mined":{"minecraft:white_bed":14,"minecraft:mossy_cobblestone":6,"minecraft:dark_oak_log":31,"biomesoplenty:bush":3,"minecraft:allium":2,"minecraft:grass_block":247,"minecraft:decorated_pot":1,"minecraft:redstone_wire":3,"minecraft:coal_block":16,"minecraft:spruce_leaves":75,"minecraft:furnace":1,"minecraft:iron_ore":43,"minecraft:sticky_piston":2,"minecraft:azure_bluet":1,"biomesoplenty:high_grass":3,"minecraft:bamboo":1,"minecraft:stone":46,"minecraft:iron_block":1,"minecraft:tripwire":5,"minecraft:piston_head":1,"minecraft:crafting_table":5,"minecraft:poppy":1,"minecraft:melon":13,"iceandfire:ghost_chest":6,"minecraft:chest":3,"minecraft:rose_bush":3,"biomesoplenty:high_grass_plant":4,"graveyard:tg_grass_block":2,"minecraft:tall_grass":1,"minecraft:cobblestone":4,"biomesoplenty:sprout":1,"minecraft:sugar_cane":12,"minecraft:repeater":1,"biomesoplenty:mahogany_log":24,"minecraft:lilac":1,"minecraft:spruce_log":16,"minecraft:tnt":1,"minecraft:black_bed":7,"minecraft:stone_brick_stairs":1,"minecraft:grass":26,"biomesoplenty:clover":4,"minecraft:oak_log":26,"minecraft:coal_ore":65,"minecraft:cocoa":2,"minecraft:gravel":1,"minecraft:sand":2,"minecraft:dirt":16,"minecraft:cobweb":42,"minecraft:stone_bricks":1,"minecraft:mossy_stone_bricks":1,"minecraft:oak_leaves":6,"minecraft:fern":2,"minecraft:suspicious_gravel":1},"minecraft:used":{"minecraft:rose_bush":1,"minecraft:iron_shovel":235,"minecraft:chest":3,"minecraft:iron_sword":169,"minecraft:rotten_flesh":4,"minecraft:torch":2,"minecraft:dirt":124,"minecraft:carrot":12,"minecraft:wooden_axe":58,"friendsandfoes:totem_of_illusion":1,"minecraft:iron_axe":17,"iceandfire:ghost_chest":2,"minecraft:totem_of_undying":1,"minecraft:furnace":1,"tombstone:gift":4,"minecraft:enchanted_golden_apple":8,"minecraft:golden_axe":33,"minecraft:water_bucket":21,"simplyswords:gold_halberd":35,"minecraft:stone_pickaxe":204,"minecraft:wooden_pickaxe":4,"minecraft:crafting_table":8,"minecraft:white_bed":13,"minecraft:black_bed":8,"minecraft:cake":1,"waystones:waystone":1,"minecraft:bread":29,"minecraft:melon_slice":11,"minecraft:string":1,"minecraft:bucket":22,"minecraft:cobweb":14},"minecraft:picked_up":{"minecraft:iron_chestplate":1,"minecraft:cocoa_beans":4,"minecraft:crafting_table":5,"minecraft:wheat":1,"minecraft:allium":2,"biomesoplenty:jacaranda_sapling":6,"minecraft:stone_brick_stairs":1,"iceandfire:manuscript":40,"minecraft:string":22,"minecraft:iron_leggings":2,"minecraft:item_frame":4,"minecraft:sticky_piston":3,"minecraft:experience_bottle":1,"minecraft:beetroot":7,"iceandfire:graveyard_soil":1,"minecraft:gold_nugget":15,"minecraft:rose_bush":2,"minecraft:enchanted_golden_apple":5,"minecraft:sugar_cane":25,"minecraft:melon_slice":58,"minecraft:coal_block":16,"minecraft:chest":3,"farmersdelight:cabbage_seeds":3,"minecraft:furnace":1,"minecraft:dark_oak_sapling":31,"minecraft:stick":22,"minecraft:raw_iron":43,"iceandfire:ghost_chest":4,"farmersdelight:tomato_seeds":6,"minecraft:carrot":86,"minecraft:redstone":2,"minecraft:dark_oak_planks":2,"iceandfire:silver_ingot":3,"minecraft:arrow":5,"minecraft:rotten_flesh":8,"minecraft:decorated_pot":1,"minecraft:beetroot_seeds":21,"artifacts:villager_hat":1,"minecraft:iron_block":1,"minecraft:saddle":1,"supplementaries:ash":2,"minecraft:skeleton_skull":3,"minecraft:cobblestone":50,"minecraft:lilac":5,"minecraft:repeater":1,"minecraft:black_bed":7,"minecraft:leather":1,"minecraft:potato":24,"minecraft:oak_log":25,"iceandfire:ectoplasm":8,"minecraft:gunpowder":4,"minecraft:dirt":184,"minecraft:paper":1,"minecraft:lantern":1,"minecraft:bone":17,"minecraft:apple":9,"minecraft:orange_tulip":1,"minecraft:wheat_seeds":10,"minecraft:iron_ingot":3,"minecraft:tall_grass":1,"minecraft:bamboo":9,"minecraft:iron_sword":1,"minecraft:acacia_sapling":3,"minecraft:book":3,"minecraft:gravel":1,"minecraft:spruce_sapling":11,"minecraft:ink_sac":5,"minecraft:lily_of_the_valley":1,"minecraft:white_bed":14,"minecraft:spruce_log":9,"minecraft:dark_oak_log":75,"minecraft:mossy_cobblestone":4,"biomesoplenty:mahogany_log":13,"waystones:waystone":3,"minecraft:chainmail_helmet":1,"minecraft:emerald":1,"minecraft:bread":21,"minecraft:oak_sapling":20,"minecraft:coal":75},"minecraft:dropped":{"minecraft:iron_ingot":2,"minecraft:wheat_seeds":9,"minecraft:oak_log":1,"minecraft:coal":14,"iceandfire:graveyard_soil":1,"minecraft:item_frame":1,"minecraft:stick":2,"minecraft:dirt":6,"minecraft:rose_bush":1,"minecraft:paper":1,"minecraft:string":2,"minecraft:stone_axe":1,"minecraft:raw_copper":6,"minecraft:wheat":1,"minecraft:tall_grass":1,"minecraft:lily_of_the_valley":1,"minecraft:skeleton_skull":1,"minecraft:spruce_planks":1,"minecraft:oak_sapling":10,"minecraft:spruce_log":4,"iceandfire:manuscript":8},"minecraft:crafted":{"minecraft:black_dye":3,"minecraft:oak_planks":16,"minecraft:furnace":1,"minecraft:iron_axe":1,"minecraft:stone_pickaxe":2,"minecraft:chest":1,"minecraft:dark_oak_planks":4,"minecraft:magenta_dye":2,"sophisticatedbackpacks:iron_backpack":1,"minecraft:coal_block":4,"minecraft:golden_axe":1,"sophisticatedbackpacks:backpack":1,"minecraft:crafting_table":3,"minecraft:spruce_planks":20,"minecraft:wooden_pickaxe":1,"minecraft:stone_axe":1,"minecraft:air":0,"minecraft:stick":16,"minecraft:iron_ingot":34,"minecraft:wooden_axe":1,"minecraft:iron_shovel":1,"minecraft:gold_ingot":5,"minecraft:black_bed":1,"minecraft:torch":4}},"DataVersion":3465}