{"stats":{"minecraft:used":{"minecraft:crafting_table":1,"minecraft:stone_pickaxe":107,"minecraft:wooden_pickaxe":4},"minecraft:picked_up":{"minecraft:stick":2,"minecraft:raw_iron":24,"minecraft:wheat_seeds":1,"minecraft:gravel":1,"minecraft:spruce_sapling":4,"minecraft:spruce_log":6,"minecraft:coal":40,"minecraft:cobblestone":35},"minecraft:custom":{"minecraft:open_chest":2,"minecraft:time_since_rest":5901,"minecraft:deaths":1,"tombstone:undead_killed":1,"minecraft:sprint_one_cm":21383,"minecraft:play_time":20400,"minecraft:damage_taken":270,"minecraft:walk_one_cm":41564,"minecraft:sneak_time":94,"minecraft:mob_kills":1,"minecraft:jump":216,"minecraft:leave_game":1,"minecraft:damage_dealt":339,"minecraft:walk_on_water_one_cm":2043,"minecraft:time_since_death":6513,"minecraft:total_world_time":20400,"minecraft:interact_with_crafting_table":3,"minecraft:fall_one_cm":4691,"minecraft:fly_one_cm":68642},"minecraft:crafted":{"minecraft:crafting_table":1,"minecraft:spruce_planks":16,"minecraft:stick":4,"minecraft:wooden_pickaxe":1,"minecraft:stone_pickaxe":1},"minecraft:mined":{"minecraft:grass":1,"minecraft:coal_ore":40,"minecraft:gravel":1,"minecraft:iron_ore":24,"minecraft:spruce_log":6,"minecraft:spruce_leaves":74,"minecraft:stone":35},"minecraft:killed":{"minecraft:zombie":1}},"DataVersion":3465}