{"stats":{"minecraft:broken":{"minecraft:golden_helmet":1,"simplyswords:gold_halberd":1,"minecraft:leather_chestplate":1,"minecraft:golden_leggings":1,"minecraft:golden_axe":1,"minecraft:wooden_axe":1},"minecraft:killed":{"alexsmobs:raccoon":1,"minecraft:spider":1,"creeperoverhaul:bamboo_creeper":1,"minecraft:horse":1,"creeperoverhaul:jungle_creeper":2,"alexsmobs:bison":1,"minecraft:illusioner":1,"minecraft:zombie_villager":1,"minecraft:squid":2,"minecraft:zombie":5},"minecraft:custom":{"minecraft:mob_kills":18,"minecraft:interact_with_crafting_table":16,"minecraft:open_barrel":1,"minecraft:eat_cake_slice":7,"minecraft:leave_game":6,"minecraft:time_since_death":21127,"minecraft:damage_resisted":68,"minecraft:climb_one_cm":4622,"minecraft:sprint_one_cm":771228,"minecraft:walk_one_cm":704537,"minecraft:drop":23,"minecraft:play_time":248810,"minecraft:deaths":12,"minecraft:sneak_time":1099,"minecraft:walk_under_water_one_cm":49343,"minecraft:jump":2528,"minecraft:walk_on_water_one_cm":21554,"minecraft:total_world_time":248810,"minecraft:interact_with_furnace":2,"minecraft:sleep_in_bed":18,"minecraft:time_since_rest":17620,"minecraft:waystone_activated":2,"minecraft:damage_taken":14238,"minecraft:damage_absorbed":195,"minecraft:damage_dealt":4387,"minecraft:swim_one_cm":59052,"minecraft:fly_one_cm":361347,"minecraft:open_chest":40,"minecraft:crouch_one_cm":2170,"tombstone:undead_killed":6,"minecraft:fall_one_cm":49277},"minecraft:mined":{"minecraft:white_bed":14,"minecraft:mossy_cobblestone":6,"minecraft:dark_oak_log":31,"biomesoplenty:bush":3,"minecraft:allium":2,"minecraft:grass_block":14,"minecraft:decorated_pot":1,"minecraft:redstone_wire":3,"minecraft:coal_block":16,"minecraft:spruce_leaves":75,"minecraft:furnace":1,"minecraft:iron_ore":43,"minecraft:sticky_piston":2,"biomesoplenty:high_grass":3,"minecraft:bamboo":1,"minecraft:stone":46,"minecraft:iron_block":1,"minecraft:tripwire":5,"minecraft:piston_head":1,"minecraft:crafting_table":5,"minecraft:melon":13,"iceandfire:ghost_chest":4,"minecraft:chest":3,"biomesoplenty:high_grass_plant":4,"graveyard:tg_grass_block":2,"minecraft:tall_grass":1,"minecraft:cobblestone":4,"minecraft:sugar_cane":12,"minecraft:repeater":1,"biomesoplenty:mahogany_log":24,"minecraft:spruce_log":7,"minecraft:tnt":1,"minecraft:black_bed":6,"minecraft:stone_brick_stairs":1,"minecraft:grass":17,"biomesoplenty:clover":4,"minecraft:oak_log":24,"minecraft:coal_ore":65,"minecraft:cocoa":2,"minecraft:gravel":1,"minecraft:sand":2,"minecraft:dirt":8,"minecraft:cobweb":42,"minecraft:stone_bricks":1,"minecraft:mossy_stone_bricks":1,"minecraft:oak_leaves":4,"minecraft:fern":2,"minecraft:suspicious_gravel":1},"minecraft:used":{"minecraft:iron_sword":116,"minecraft:rotten_flesh":4,"minecraft:torch":2,"minecraft:carrot":12,"minecraft:wooden_axe":58,"friendsandfoes:totem_of_illusion":1,"minecraft:totem_of_undying":1,"tombstone:gift":2,"minecraft:enchanted_golden_apple":3,"minecraft:golden_axe":33,"simplyswords:gold_halberd":35,"minecraft:stone_pickaxe":204,"minecraft:wooden_pickaxe":4,"minecraft:crafting_table":7,"minecraft:white_bed":13,"minecraft:black_bed":6,"minecraft:cake":1,"minecraft:bread":23,"minecraft:melon_slice":11,"minecraft:string":1,"minecraft:cobweb":14},"minecraft:picked_up":{"minecraft:iron_chestplate":1,"minecraft:cocoa_beans":4,"minecraft:crafting_table":5,"minecraft:wheat":1,"minecraft:allium":2,"biomesoplenty:jacaranda_sapling":6,"minecraft:stone_brick_stairs":1,"iceandfire:manuscript":40,"minecraft:string":21,"minecraft:iron_leggings":2,"minecraft:item_frame":4,"minecraft:sticky_piston":3,"minecraft:experience_bottle":1,"minecraft:beetroot":7,"iceandfire:graveyard_soil":1,"minecraft:gold_nugget":15,"minecraft:enchanted_golden_apple":5,"minecraft:sugar_cane":25,"minecraft:melon_slice":58,"minecraft:coal_block":16,"minecraft:chest":3,"farmersdelight:cabbage_seeds":3,"minecraft:furnace":1,"minecraft:dark_oak_sapling":31,"minecraft:stick":22,"minecraft:raw_iron":43,"iceandfire:ghost_chest":2,"farmersdelight:tomato_seeds":6,"minecraft:carrot":86,"minecraft:redstone":2,"minecraft:dark_oak_planks":2,"iceandfire:silver_ingot":3,"minecraft:arrow":3,"minecraft:rotten_flesh":8,"minecraft:decorated_pot":1,"minecraft:beetroot_seeds":21,"artifacts:villager_hat":1,"minecraft:iron_block":1,"minecraft:saddle":1,"supplementaries:ash":2,"minecraft:skeleton_skull":3,"minecraft:cobblestone":50,"minecraft:repeater":1,"minecraft:black_bed":6,"minecraft:leather":1,"minecraft:potato":24,"minecraft:oak_log":23,"iceandfire:ectoplasm":8,"minecraft:gunpowder":4,"minecraft:dirt":1,"minecraft:paper":1,"minecraft:lantern":1,"minecraft:bone":17,"minecraft:apple":8,"minecraft:orange_tulip":1,"minecraft:wheat_seeds":7,"minecraft:iron_ingot":3,"minecraft:tall_grass":1,"minecraft:bamboo":9,"minecraft:iron_sword":1,"minecraft:acacia_sapling":3,"minecraft:book":3,"minecraft:gravel":1,"minecraft:spruce_sapling":5,"minecraft:ink_sac":5,"minecraft:white_bed":14,"minecraft:spruce_log":9,"minecraft:dark_oak_log":75,"minecraft:mossy_cobblestone":4,"biomesoplenty:mahogany_log":13,"waystones:waystone":3,"minecraft:chainmail_helmet":1,"minecraft:emerald":1,"minecraft:bread":21,"minecraft:oak_sapling":20,"minecraft:coal":75},"minecraft:dropped":{"minecraft:iron_ingot":2,"minecraft:wheat_seeds":6,"minecraft:oak_log":1,"minecraft:coal":14,"iceandfire:graveyard_soil":1,"minecraft:item_frame":1,"minecraft:stick":2,"minecraft:dirt":6,"minecraft:paper":1,"minecraft:string":2,"minecraft:stone_axe":1,"minecraft:raw_copper":6,"minecraft:tall_grass":1,"minecraft:skeleton_skull":1,"minecraft:spruce_planks":1,"minecraft:oak_sapling":10,"minecraft:spruce_log":4,"iceandfire:manuscript":8},"minecraft:crafted":{"minecraft:black_dye":3,"minecraft:oak_planks":4,"minecraft:stone_pickaxe":2,"minecraft:dark_oak_planks":4,"minecraft:magenta_dye":2,"sophisticatedbackpacks:iron_backpack":1,"minecraft:coal_block":4,"minecraft:golden_axe":1,"sophisticatedbackpacks:backpack":1,"minecraft:crafting_table":3,"minecraft:spruce_planks":20,"minecraft:wooden_pickaxe":1,"minecraft:stone_axe":1,"minecraft:stick":12,"minecraft:wooden_axe":1,"minecraft:black_bed":1,"minecraft:torch":4}},"DataVersion":3465}