{"stats":{"minecraft:used":{"minecraft:crafting_table":1,"minecraft:stone_pickaxe":67,"minecraft:wooden_pickaxe":4},"minecraft:picked_up":{"minecraft:stick":2,"minecraft:raw_iron":21,"minecraft:spruce_sapling":4,"minecraft:spruce_log":6,"minecraft:coal":28,"minecraft:cobblestone":22},"minecraft:custom":{"minecraft:time_since_rest":9341,"minecraft:play_time":9341,"minecraft:sprint_one_cm":17560,"minecraft:damage_taken":70,"minecraft:walk_one_cm":23448,"minecraft:jump":162,"minecraft:walk_on_water_one_cm":2043,"minecraft:time_since_death":9341,"minecraft:total_world_time":9341,"minecraft:interact_with_crafting_table":3,"minecraft:fall_one_cm":3646,"minecraft:fly_one_cm":13490},"minecraft:crafted":{"minecraft:crafting_table":1,"minecraft:spruce_planks":16,"minecraft:stick":4,"minecraft:wooden_pickaxe":1,"minecraft:stone_pickaxe":1},"minecraft:mined":{"minecraft:coal_ore":28,"minecraft:iron_ore":21,"minecraft:spruce_leaves":74,"minecraft:spruce_log":6,"minecraft:stone":22}},"DataVersion":3465}