{"stats":{"minecraft:used":{"minecraft:stone_pickaxe":119,"minecraft:string":1,"minecraft:wooden_pickaxe":4,"minecraft:iron_sword":29,"minecraft:crafting_table":3,"tombstone:gift":2},"minecraft:picked_up":{"minecraft:book":1,"minecraft:crafting_table":1,"minecraft:stick":2,"minecraft:raw_iron":24,"minecraft:gravel":1,"farmersdelight:tomato_seeds":6,"minecraft:spruce_sapling":4,"minecraft:white_bed":1,"minecraft:spruce_log":6,"minecraft:string":1,"iceandfire:manuscript":16,"minecraft:paper":1,"minecraft:item_frame":1,"artifacts:villager_hat":1,"minecraft:wheat_seeds":4,"minecraft:emerald":1,"minecraft:tall_grass":1,"minecraft:saddle":1,"minecraft:bread":20,"minecraft:coal_block":9,"minecraft:iron_sword":1,"minecraft:chest":3,"minecraft:coal":44,"minecraft:acacia_sapling":3,"farmersdelight:cabbage_seeds":3,"minecraft:cobblestone":35,"minecraft:furnace":1},"minecraft:custom":{"minecraft:time_since_rest":10137,"minecraft:waystone_activated":1,"minecraft:interact_with_furnace":2,"minecraft:sprint_one_cm":66199,"minecraft:damage_taken":340,"minecraft:walk_one_cm":145349,"minecraft:mob_kills":1,"minecraft:drop":9,"minecraft:damage_dealt":339,"minecraft:interact_with_crafting_table":6,"minecraft:fly_one_cm":88517,"minecraft:open_chest":9,"minecraft:crouch_one_cm":582,"minecraft:play_time":47574,"tombstone:undead_killed":1,"minecraft:deaths":1,"minecraft:sneak_time":401,"minecraft:jump":392,"minecraft:leave_game":1,"minecraft:walk_on_water_one_cm":2043,"minecraft:time_since_death":33687,"minecraft:sleep_in_bed":2,"minecraft:climb_one_cm":2062,"minecraft:total_world_time":47574,"minecraft:fall_one_cm":8274},"minecraft:dropped":{"minecraft:wheat_seeds":4,"minecraft:spruce_planks":1,"minecraft:tall_grass":1,"minecraft:string":2,"minecraft:paper":1,"minecraft:item_frame":1,"minecraft:coal":4,"iceandfire:manuscript":8,"minecraft:stick":2},"minecraft:crafted":{"minecraft:coal_block":4,"minecraft:crafting_table":2,"minecraft:spruce_planks":16,"minecraft:stick":8,"minecraft:wooden_pickaxe":1,"minecraft:stone_pickaxe":2,"minecraft:stone_axe":1},"minecraft:mined":{"minecraft:white_bed":1,"minecraft:furnace":1,"minecraft:iron_ore":24,"minecraft:spruce_log":6,"minecraft:tnt":1,"minecraft:crafting_table":1,"minecraft:grass":4,"minecraft:grass_block":1,"minecraft:coal_ore":40,"minecraft:chest":3,"minecraft:gravel":1,"minecraft:cobweb":28,"minecraft:stone_bricks":1,"biomesoplenty:high_grass_plant":1,"minecraft:coal_block":9,"minecraft:spruce_leaves":75,"minecraft:stone":35,"minecraft:tripwire":1},"minecraft:killed":{"minecraft:zombie":1}},"DataVersion":3465}