{"stats":{"minecraft:used":{"minecraft:stone_pickaxe":108,"minecraft:string":1,"minecraft:wooden_pickaxe":4,"minecraft:crafting_table":2,"tombstone:gift":2},"minecraft:picked_up":{"minecraft:book":1,"minecraft:crafting_table":1,"minecraft:stick":2,"minecraft:raw_iron":24,"minecraft:gravel":1,"farmersdelight:tomato_seeds":6,"minecraft:spruce_sapling":4,"minecraft:white_bed":1,"minecraft:spruce_log":6,"minecraft:string":1,"iceandfire:manuscript":8,"minecraft:paper":1,"artifacts:villager_hat":1,"minecraft:wheat_seeds":4,"minecraft:emerald":1,"minecraft:tall_grass":1,"minecraft:saddle":1,"minecraft:bread":20,"minecraft:chest":3,"minecraft:coal":40,"minecraft:acacia_sapling":3,"farmersdelight:cabbage_seeds":3,"minecraft:cobblestone":35,"minecraft:furnace":1},"minecraft:custom":{"minecraft:time_since_rest":11383,"minecraft:interact_with_furnace":2,"minecraft:sprint_one_cm":50441,"minecraft:damage_taken":340,"minecraft:walk_one_cm":85432,"minecraft:mob_kills":1,"minecraft:drop":3,"minecraft:damage_dealt":339,"minecraft:interact_with_crafting_table":4,"minecraft:fly_one_cm":83910,"minecraft:open_chest":7,"minecraft:crouch_one_cm":524,"minecraft:play_time":35574,"tombstone:undead_killed":1,"minecraft:deaths":1,"minecraft:sneak_time":304,"minecraft:jump":308,"minecraft:leave_game":1,"minecraft:walk_on_water_one_cm":2043,"minecraft:time_since_death":21687,"minecraft:sleep_in_bed":1,"minecraft:total_world_time":35574,"minecraft:fall_one_cm":7856},"minecraft:crafted":{"minecraft:crafting_table":2,"minecraft:spruce_planks":16,"minecraft:stick":4,"minecraft:wooden_pickaxe":1,"minecraft:stone_pickaxe":1},"minecraft:dropped":{"minecraft:wheat_seeds":4,"minecraft:tall_grass":1,"minecraft:paper":1},"minecraft:mined":{"minecraft:white_bed":1,"minecraft:furnace":1,"minecraft:iron_ore":24,"minecraft:spruce_log":6,"minecraft:crafting_table":1,"minecraft:grass":4,"minecraft:grass_block":1,"minecraft:coal_ore":40,"minecraft:chest":3,"minecraft:gravel":1,"biomesoplenty:high_grass_plant":1,"minecraft:spruce_leaves":74,"minecraft:stone":35,"minecraft:tripwire":1},"minecraft:killed":{"minecraft:zombie":1}},"DataVersion":3465}