{"stats":{"minecraft:crafted":{"minecraft:coal_block":4,"minecraft:oak_planks":4,"minecraft:crafting_table":3,"minecraft:spruce_planks":16,"minecraft:wooden_pickaxe":1,"minecraft:stone_axe":1,"minecraft:stick":8,"minecraft:stone_pickaxe":2},"minecraft:mined":{"minecraft:white_bed":6,"minecraft:crafting_table":1,"minecraft:grass_block":3,"iceandfire:ghost_chest":2,"minecraft:chest":3,"minecraft:redstone_wire":1,"biomesoplenty:high_grass_plant":1,"minecraft:coal_block":9,"minecraft:spruce_leaves":75,"minecraft:furnace":1,"minecraft:iron_ore":43,"minecraft:spruce_log":6,"minecraft:tnt":1,"minecraft:grass":4,"minecraft:oak_log":2,"minecraft:coal_ore":65,"minecraft:gravel":1,"minecraft:cobweb":32,"minecraft:stone":44,"minecraft:stone_bricks":1,"minecraft:oak_leaves":4,"minecraft:tripwire":1},"minecraft:custom":{"minecraft:interact_with_furnace":2,"minecraft:mob_kills":3,"minecraft:interact_with_crafting_table":9,"minecraft:leave_game":2,"minecraft:time_since_death":42303,"minecraft:sleep_in_bed":7,"minecraft:climb_one_cm":2146,"minecraft:time_since_rest":5816,"minecraft:waystone_activated":2,"minecraft:sprint_one_cm":307247,"minecraft:walk_one_cm":343765,"minecraft:damage_taken":1795,"minecraft:damage_absorbed":10,"minecraft:drop":18,"minecraft:damage_dealt":596,"minecraft:swim_one_cm":39531,"minecraft:fly_one_cm":187707,"minecraft:open_chest":15,"minecraft:crouch_one_cm":837,"minecraft:play_time":106282,"tombstone:undead_killed":1,"minecraft:deaths":3,"minecraft:sneak_time":474,"minecraft:walk_under_water_one_cm":6932,"minecraft:jump":1341,"minecraft:walk_on_water_one_cm":6479,"minecraft:total_world_time":106282,"minecraft:fall_one_cm":28060},"minecraft:dropped":{"minecraft:iron_ingot":2,"minecraft:stone_axe":1,"minecraft:wheat_seeds":4,"minecraft:oak_log":1,"minecraft:raw_copper":6,"minecraft:tall_grass":1,"minecraft:coal":14,"iceandfire:graveyard_soil":1,"minecraft:item_frame":1,"minecraft:stick":2,"minecraft:spruce_planks":1,"minecraft:spruce_log":4,"minecraft:paper":1,"minecraft:string":2,"iceandfire:manuscript":8},"minecraft:killed":{"alexsmobs:raccoon":1,"minecraft:spider":1,"minecraft:zombie":1},"minecraft:used":{"minecraft:stone_pickaxe":173,"minecraft:wooden_pickaxe":4,"minecraft:iron_sword":42,"minecraft:crafting_table":4,"minecraft:white_bed":6,"minecraft:bread":16,"minecraft:string":1,"minecraft:totem_of_undying":1,"tombstone:gift":2,"minecraft:cobweb":4},"minecraft:picked_up":{"minecraft:crafting_table":1,"minecraft:oak_log":2,"iceandfire:ectoplasm":4,"iceandfire:manuscript":19,"minecraft:string":7,"minecraft:paper":1,"minecraft:item_frame":1,"minecraft:bone":3,"iceandfire:graveyard_soil":1,"minecraft:gold_nugget":15,"minecraft:wheat_seeds":4,"minecraft:tall_grass":1,"minecraft:coal_block":9,"minecraft:chest":3,"minecraft:iron_sword":1,"minecraft:acacia_sapling":3,"farmersdelight:cabbage_seeds":3,"minecraft:furnace":1,"minecraft:book":1,"minecraft:stick":2,"minecraft:raw_iron":43,"minecraft:gravel":1,"farmersdelight:tomato_seeds":6,"minecraft:spruce_sapling":5,"minecraft:white_bed":6,"minecraft:spruce_log":8,"iceandfire:silver_ingot":1,"artifacts:villager_hat":1,"waystones:waystone":1,"minecraft:emerald":1,"minecraft:saddle":1,"minecraft:bread":20,"minecraft:coal":75,"minecraft:skeleton_skull":1,"minecraft:cobblestone":44}},"DataVersion":3465}