{"stats":{"minecraft:crafted":{"minecraft:coal_block":4,"minecraft:oak_planks":4,"sophisticatedbackpacks:backpack":1,"minecraft:crafting_table":3,"minecraft:spruce_planks":16,"minecraft:wooden_pickaxe":1,"minecraft:stone_axe":1,"minecraft:stick":8,"minecraft:stone_pickaxe":2,"sophisticatedbackpacks:iron_backpack":1},"minecraft:mined":{"minecraft:white_bed":9,"minecraft:crafting_table":3,"biomesoplenty:bush":2,"minecraft:grass_block":13,"iceandfire:ghost_chest":2,"minecraft:chest":3,"minecraft:redstone_wire":1,"biomesoplenty:high_grass_plant":4,"minecraft:coal_block":16,"minecraft:tall_grass":1,"minecraft:spruce_leaves":75,"minecraft:furnace":1,"minecraft:iron_ore":43,"minecraft:spruce_log":6,"minecraft:tnt":1,"biomesoplenty:clover":2,"minecraft:grass":4,"biomesoplenty:high_grass":3,"minecraft:oak_log":2,"minecraft:coal_ore":65,"minecraft:gravel":1,"minecraft:dirt":8,"minecraft:cobweb":42,"minecraft:stone":46,"minecraft:stone_bricks":1,"minecraft:iron_block":1,"minecraft:mossy_stone_bricks":1,"minecraft:oak_leaves":4,"minecraft:tripwire":1},"minecraft:custom":{"minecraft:interact_with_furnace":2,"minecraft:mob_kills":5,"minecraft:interact_with_crafting_table":14,"minecraft:eat_cake_slice":7,"minecraft:leave_game":2,"minecraft:time_since_death":11223,"minecraft:sleep_in_bed":9,"minecraft:climb_one_cm":3381,"minecraft:time_since_rest":10839,"minecraft:waystone_activated":2,"minecraft:sprint_one_cm":427023,"minecraft:walk_one_cm":435207,"minecraft:damage_taken":2360,"minecraft:damage_absorbed":10,"minecraft:drop":19,"minecraft:damage_dealt":1598,"minecraft:swim_one_cm":42774,"minecraft:fly_one_cm":236046,"minecraft:open_chest":33,"minecraft:crouch_one_cm":1231,"minecraft:play_time":142282,"tombstone:undead_killed":1,"minecraft:deaths":5,"minecraft:sneak_time":626,"minecraft:walk_under_water_one_cm":8125,"minecraft:jump":1714,"minecraft:walk_on_water_one_cm":8341,"minecraft:total_world_time":142282,"minecraft:fall_one_cm":35490},"minecraft:dropped":{"minecraft:iron_ingot":2,"minecraft:stone_axe":1,"minecraft:wheat_seeds":4,"minecraft:oak_log":1,"minecraft:raw_copper":6,"minecraft:tall_grass":1,"minecraft:coal":14,"iceandfire:graveyard_soil":1,"minecraft:item_frame":1,"minecraft:stick":2,"minecraft:dirt":6,"minecraft:spruce_planks":1,"minecraft:spruce_log":4,"minecraft:paper":1,"minecraft:string":2,"iceandfire:manuscript":8},"minecraft:killed":{"alexsmobs:raccoon":1,"minecraft:spider":1,"minecraft:horse":1,"minecraft:zombie":1,"alexsmobs:bison":1},"minecraft:used":{"minecraft:stone_pickaxe":185,"minecraft:wooden_pickaxe":4,"minecraft:iron_sword":85,"minecraft:crafting_table":5,"minecraft:carrot":11,"minecraft:white_bed":8,"minecraft:cake":1,"minecraft:bread":19,"minecraft:string":1,"minecraft:totem_of_undying":1,"tombstone:gift":2,"minecraft:cobweb":14},"minecraft:picked_up":{"minecraft:crafting_table":3,"minecraft:wheat":1,"minecraft:leather":1,"minecraft:potato":24,"minecraft:oak_log":2,"iceandfire:ectoplasm":4,"iceandfire:manuscript":19,"minecraft:string":17,"minecraft:paper":1,"minecraft:lantern":1,"minecraft:item_frame":4,"minecraft:experience_bottle":1,"minecraft:bone":3,"minecraft:beetroot":5,"iceandfire:graveyard_soil":1,"minecraft:gold_nugget":15,"minecraft:wheat_seeds":4,"minecraft:tall_grass":1,"minecraft:coal_block":16,"minecraft:chest":3,"minecraft:iron_sword":1,"minecraft:acacia_sapling":3,"farmersdelight:cabbage_seeds":3,"minecraft:furnace":1,"minecraft:book":3,"minecraft:stick":2,"minecraft:raw_iron":43,"minecraft:gravel":1,"farmersdelight:tomato_seeds":6,"minecraft:spruce_sapling":5,"minecraft:carrot":67,"minecraft:white_bed":9,"minecraft:spruce_log":8,"iceandfire:silver_ingot":1,"minecraft:beetroot_seeds":16,"artifacts:villager_hat":1,"waystones:waystone":1,"minecraft:iron_block":1,"minecraft:emerald":1,"minecraft:saddle":1,"minecraft:bread":21,"minecraft:coal":75,"minecraft:skeleton_skull":1,"minecraft:cobblestone":46}},"DataVersion":3465}