{"stats":{"minecraft:used":{"minecraft:crafting_table":1,"minecraft:stone_pickaxe":83,"minecraft:wooden_pickaxe":4},"minecraft:picked_up":{"minecraft:stick":2,"minecraft:raw_iron":21,"minecraft:spruce_sapling":4,"minecraft:spruce_log":6,"minecraft:coal":31,"minecraft:cobblestone":22},"minecraft:custom":{"minecraft:time_since_rest":10828,"tombstone:undead_killed":1,"minecraft:sprint_one_cm":17560,"minecraft:play_time":10828,"minecraft:damage_taken":120,"minecraft:walk_one_cm":25578,"minecraft:mob_kills":1,"minecraft:jump":170,"minecraft:damage_dealt":199,"minecraft:walk_on_water_one_cm":2043,"minecraft:time_since_death":10828,"minecraft:total_world_time":10828,"minecraft:interact_with_crafting_table":3,"minecraft:fall_one_cm":3855,"minecraft:fly_one_cm":13570},"minecraft:crafted":{"minecraft:crafting_table":1,"minecraft:spruce_planks":16,"minecraft:stick":4,"minecraft:wooden_pickaxe":1,"minecraft:stone_pickaxe":1},"minecraft:mined":{"minecraft:coal_ore":32,"minecraft:iron_ore":21,"minecraft:spruce_log":6,"minecraft:spruce_leaves":74,"minecraft:stone":22},"minecraft:killed":{"minecraft:zombie":1}},"DataVersion":3465}