{"stats":{"minecraft:used":{"minecraft:crafting_table":1,"minecraft:stone_pickaxe":107,"minecraft:wooden_pickaxe":4},"minecraft:picked_up":{"minecraft:stick":2,"minecraft:raw_iron":24,"minecraft:wheat_seeds":1,"minecraft:gravel":1,"minecraft:spruce_sapling":4,"minecraft:spruce_log":6,"minecraft:coal":40,"minecraft:cobblestone":35},"minecraft:custom":{"minecraft:open_chest":2,"minecraft:time_since_rest":9075,"minecraft:crouch_one_cm":513,"minecraft:damage_taken":270,"minecraft:play_time":23574,"minecraft:walk_one_cm":50261,"minecraft:sprint_one_cm":40649,"tombstone:undead_killed":1,"minecraft:deaths":1,"minecraft:sneak_time":214,"minecraft:mob_kills":1,"minecraft:jump":289,"minecraft:damage_dealt":339,"minecraft:leave_game":1,"minecraft:time_since_death":9687,"minecraft:walk_on_water_one_cm":2043,"minecraft:total_world_time":23574,"minecraft:interact_with_crafting_table":3,"minecraft:fall_one_cm":6839,"minecraft:fly_one_cm":82467},"minecraft:crafted":{"minecraft:crafting_table":2,"minecraft:spruce_planks":16,"minecraft:stick":4,"minecraft:wooden_pickaxe":1,"minecraft:stone_pickaxe":1},"minecraft:mined":{"minecraft:grass":3,"minecraft:coal_ore":40,"minecraft:gravel":1,"minecraft:iron_ore":24,"minecraft:spruce_leaves":74,"minecraft:spruce_log":6,"minecraft:stone":35},"minecraft:killed":{"minecraft:zombie":1}},"DataVersion":3465}