{"stats":{"minecraft:used":{"minecraft:stone_pickaxe":120,"minecraft:wooden_pickaxe":4,"minecraft:iron_sword":33,"minecraft:crafting_table":3,"minecraft:white_bed":2,"minecraft:bread":9,"minecraft:string":1,"minecraft:totem_of_undying":1,"tombstone:gift":2},"minecraft:picked_up":{"minecraft:crafting_table":1,"iceandfire:manuscript":16,"minecraft:string":3,"minecraft:paper":1,"minecraft:item_frame":1,"minecraft:wheat_seeds":4,"minecraft:tall_grass":1,"minecraft:coal_block":9,"minecraft:chest":3,"minecraft:iron_sword":1,"minecraft:acacia_sapling":3,"farmersdelight:cabbage_seeds":3,"minecraft:furnace":1,"minecraft:book":1,"minecraft:stick":2,"minecraft:raw_iron":24,"minecraft:gravel":1,"farmersdelight:tomato_seeds":6,"minecraft:spruce_sapling":4,"minecraft:white_bed":3,"minecraft:spruce_log":6,"artifacts:villager_hat":1,"waystones:waystone":1,"minecraft:bread":20,"minecraft:saddle":1,"minecraft:emerald":1,"minecraft:coal":44,"minecraft:cobblestone":35},"minecraft:custom":{"minecraft:interact_with_furnace":2,"minecraft:mob_kills":2,"minecraft:interact_with_crafting_table":6,"minecraft:leave_game":1,"minecraft:time_since_death":7595,"minecraft:sleep_in_bed":4,"minecraft:climb_one_cm":2062,"minecraft:time_since_rest":4969,"minecraft:waystone_activated":2,"minecraft:sprint_one_cm":187773,"minecraft:damage_absorbed":10,"minecraft:damage_taken":1412,"minecraft:walk_one_cm":212147,"minecraft:drop":10,"minecraft:damage_dealt":506,"minecraft:swim_one_cm":37145,"minecraft:fly_one_cm":161610,"minecraft:open_chest":13,"minecraft:crouch_one_cm":724,"minecraft:play_time":71574,"tombstone:undead_killed":1,"minecraft:deaths":3,"minecraft:sneak_time":433,"minecraft:walk_under_water_one_cm":6669,"minecraft:jump":823,"minecraft:walk_on_water_one_cm":5967,"minecraft:total_world_time":71574,"minecraft:fall_one_cm":19234},"minecraft:dropped":{"minecraft:stone_axe":1,"minecraft:wheat_seeds":4,"minecraft:tall_grass":1,"minecraft:coal":4,"minecraft:item_frame":1,"minecraft:stick":2,"minecraft:spruce_planks":1,"minecraft:paper":1,"minecraft:string":2,"iceandfire:manuscript":8},"minecraft:crafted":{"minecraft:coal_block":4,"minecraft:crafting_table":2,"minecraft:spruce_planks":16,"minecraft:wooden_pickaxe":1,"minecraft:stone_axe":1,"minecraft:stick":8,"minecraft:stone_pickaxe":2},"minecraft:mined":{"minecraft:white_bed":3,"minecraft:crafting_table":1,"minecraft:grass_block":1,"minecraft:chest":3,"minecraft:redstone_wire":1,"biomesoplenty:high_grass_plant":1,"minecraft:coal_block":9,"minecraft:spruce_leaves":75,"minecraft:furnace":1,"minecraft:iron_ore":24,"minecraft:spruce_log":6,"minecraft:tnt":1,"minecraft:grass":4,"minecraft:coal_ore":40,"minecraft:gravel":1,"minecraft:cobweb":28,"minecraft:stone":35,"minecraft:stone_bricks":1,"minecraft:tripwire":1},"minecraft:killed":{"minecraft:spider":1,"minecraft:zombie":1}},"DataVersion":3465}