{"stats":{"minecraft:broken":{"minecraft:wooden_pickaxe":1,"minecraft:wooden_axe":1,"minecraft:stone_shovel":2},"minecraft:custom":{"minecraft:mob_kills":29,"minecraft:animals_bred":7,"minecraft:interact_with_crafting_table":87,"minecraft:open_barrel":22,"minecraft:interact_with_campfire":1,"minecraft:leave_game":2,"minecraft:time_since_death":422435,"minecraft:climb_one_cm":49101,"minecraft:sprint_one_cm":969704,"minecraft:walk_one_cm":1052490,"minecraft:drop":60,"minecraft:talked_to_villager":1,"minecraft:play_time":500325,"minecraft:sneak_time":2779,"minecraft:deaths":2,"minecraft:walk_under_water_one_cm":31506,"minecraft:jump":5018,"minecraft:walk_on_water_one_cm":32399,"minecraft:total_world_time":500325,"minecraft:interact_with_furnace":14,"minecraft:interact_with_loom":37,"minecraft:sleep_in_bed":15,"minecraft:time_since_rest":8938,"minecraft:waystone_activated":1,"minecraft:damage_taken":2464,"minecraft:damage_dealt":3143,"minecraft:swim_one_cm":60943,"minecraft:fly_one_cm":921355,"minecraft:open_chest":203,"minecraft:crouch_one_cm":10380,"tombstone:undead_killed":3,"minecraft:fall_one_cm":69771},"minecraft:mined":{"minecraft:spruce_planks":14,"farmersdelight:rich_soil":6,"iceandfire:silver_ore":4,"cozy_home:oak_chair":1,"farmersdelight:wild_carrots":16,"minecraft:glow_lichen":2,"minecraft:allium":22,"minecraft:grass_block":336,"minecraft:spruce_leaves":3,"minecraft:red_mushroom":1,"minecraft:oxeye_daisy":1,"farmersdelight:red_mushroom_colony":1,"minecraft:large_fern":2,"farmersdelight:wild_onions":9,"minecraft:tall_seagrass":2,"biomesoplenty:jacaranda_log":34,"biomesoplenty:tall_lavender":11,"minecraft:oak_trapdoor":1,"farmersdelight:wild_rice":2,"minecraft:iron_ore":2,"supplementaries:flax":4,"minecraft:fire":2,"biomesoplenty:lavender":19,"minecraft:peony":4,"minecraft:azure_bluet":4,"vinery:taiga_grape_bush_white":4,"minecraft:red_tulip":2,"supplementaries:stick":2,"iceandfire:gold_pile":5,"minecraft:dirt_path":4,"minecraft:pink_tulip":4,"minecraft:white_tulip":12,"minecraft:stone":108,"minecraft:white_banner":1,"minecraft:soul_sand":1,"minecraft:lily_of_the_valley":1,"biomesoplenty:jacaranda_planks":13,"minecraft:dandelion":23,"minecraft:cornflower":4,"minecraft:crafting_table":9,"minecraft:torch":1,"vinery:red_grape_bush":5,"minecraft:poppy":9,"vinery:cherry_log":29,"minecraft:rose_bush":5,"supplementaries:wild_flax":2,"minecraft:stone_slab":2,"farmersdelight:cabbages":3,"minecraft:tall_grass":39,"minecraft:cobblestone":1,"biomesoplenty:sprout":30,"minecraft:lapis_ore":2,"minecraft:oak_planks":3,"vinery:cherry_planks":1,"minecraft:wall_torch":2,"minecraft:air":2,"minecraft:black_wall_banner":5,"minecraft:sweet_berry_bush":51,"minecraft:lilac":18,"minecraft:magenta_bed":1,"minecraft:spruce_log":16,"minecraft:orange_tulip":12,"biomesoplenty:umbran_log":19,"minecraft:red_wall_banner":4,"minecraft:grass":100,"biomesoplenty:clover":3,"minecraft:oak_log":17,"minecraft:coal_ore":47,"vinery:cherry_sapling":1,"minecraft:gravel":4,"minecraft:sunflower":12,"minecraft:dirt":78,"minecraft:orange_wall_banner":1,"vinery:cherry_leaves":11,"minecraft:oak_leaves":3,"minecraft:fern":1},"minecraft:picked_up":{"minecraft:allium":39,"minecraft:crafting_table":9,"vinery:red_grape":24,"minecraft:iron_chestplate":1,"minecraft:wheat":29,"minecraft:azure_bluet":4,"minecraft:nether_wart":6,"vinery:taiga_grapes_white":16,"minecraft:yellow_wool":4,"minecraft:stone_slab":2,"minecraft:wooden_pickaxe":1,"vinery:red_grape_seeds":10,"vinery:cherry_log":29,"biomesoplenty:jacaranda_sapling":27,"minecraft:orange_banner":1,"minecraft:stone_brick_stairs":1,"minecraft:cornflower":3,"minecraft:oak_trapdoor":1,"minecraft:string":34,"minecraft:iron_leggings":1,"minecraft:item_frame":2,"biomesoplenty:tall_lavender":10,"vinery:cherry_sapling":13,"minecraft:beetroot":26,"minecraft:gold_nugget":36,"farmersdelight:cabbage":3,"minecraft:spruce_planks":14,"minecraft:beef":8,"minecraft:white_tulip":12,"minecraft:rose_bush":5,"minecraft:poppy":10,"minecraft:light_gray_wool":39,"minecraft:birch_sapling":1,"vinery:cherry_planks":1,"farmersdelight:cabbage_seeds":9,"cozy_home:oak_chair":1,"minecraft:egg":12,"minecraft:stick":20,"minecraft:raw_iron":2,"farmersdelight:rotten_tomato":3,"minecraft:torch":3,"minecraft:porkchop":4,"minecraft:carrot":63,"supplementaries:flax":3,"minecraft:arrow":3,"minecraft:rotten_flesh":8,"biomesoplenty:jacaranda_log":24,"biomesoplenty:umbran_sapling":44,"minecraft:beetroot_seeds":70,"minecraft:peony":4,"farmersdelight:onion":9,"minecraft:black_banner":5,"minecraft:red_tulip":2,"minecraft:pink_tulip":4,"supplementaries:ash":2,"minecraft:mutton":10,"minecraft:white_wool":54,"minecraft:cobblestone":107,"biomesoplenty:lavender":7,"farmersdelight:rich_soil":6,"minecraft:lilac":15,"minecraft:cooked_beef":1,"farmersdelight:rice":2,"minecraft:leather":4,"minecraft:potato":11,"minecraft:red_mushroom":11,"minecraft:mushroom_stew":1,"minecraft:oak_log":17,"supplementaries:flax_seeds":11,"minecraft:magenta_bed":1,"biomesoplenty:jacaranda_planks":13,"minecraft:lapis_lazuli":10,"farmersdelight:tomato":36,"minecraft:dirt":421,"minecraft:white_banner":1,"minecraft:bone":3,"minecraft:stone_bricks":2,"minecraft:wheat_seeds":417,"minecraft:orange_tulip":12,"minecraft:mossy_stone_bricks":1,"biomesoplenty:umbran_log":19,"minecraft:iron_sword":1,"minecraft:oak_planks":3,"minecraft:soul_sand":1,"minecraft:cooked_porkchop":5,"vinery:taiga_grape_seeds_white":8,"minecraft:sweet_berries":205,"minecraft:red_wool":6,"minecraft:dandelion":25,"minecraft:gravel":1,"artifacts:scarf_of_invisibility":1,"minecraft:red_banner":4,"minecraft:spruce_sapling":5,"minecraft:ink_sac":27,"minecraft:spruce_log":19,"minecraft:lily_of_the_valley":1,"minecraft:spider_eye":1,"alexsmobs:animal_dictionary":1,"minecraft:orange_wool":22,"biomesoplenty:flowering_oak_sapling":2,"minecraft:gray_wool":16,"minecraft:baked_potato":11,"minecraft:bread":1,"minecraft:oak_sapling":38,"minecraft:black_wool":7,"minecraft:coal":46,"iceandfire:raw_silver":4,"minecraft:sunflower":10},"minecraft:killed":{"minecraft:spider":1,"minecraft:skeleton":1,"minecraft:pig":1,"minecraft:squid":15,"minecraft:sheep":6,"minecraft:zombie":2,"minecraft:cow":3},"minecraft:used":{"cozy_home:oak_bench":1,"minecraft:beetroot":4,"minecraft:stone_sword":152,"vinery:cherry_sapling":9,"minecraft:stone_shovel":262,"farmersdelight:cabbage_seeds":3,"minecraft:ladder":5,"minecraft:chest":8,"minecraft:spruce_planks":15,"minecraft:iron_sword":36,"minecraft:wooden_shovel":3,"minecraft:stone_hoe":45,"minecraft:stick":2,"minecraft:torch":11,"minecraft:dirt":421,"minecraft:mutton":4,"vinery:taiga_grapes_white":4,"minecraft:carrot":26,"minecraft:allium":1,"minecraft:wooden_axe":77,"minecraft:red_tulip":1,"minecraft:birch_sapling":1,"biomesoplenty:tall_lavender":5,"biomesoplenty:umbran_sapling":3,"minecraft:barrel":1,"minecraft:item_frame":1,"biomesoplenty:jacaranda_sapling":6,"minecraft:sweet_berries":130,"cozy_home:table_oak_single":2,"minecraft:oak_sapling":37,"minecraft:furnace":2,"minecraft:beetroot_seeds":6,"minecraft:egg":6,"tombstone:gift":2,"minecraft:cooked_beef":9,"farmersdelight:tomato_seeds":4,"vinery:red_grape":1,"minecraft:cooked_mutton":6,"vinery:cherry_planks":35,"minecraft:wheat_seeds":25,"minecraft:water_bucket":1,"vinery:cherry_fence":16,"minecraft:oak_planks":2,"minecraft:stone_pickaxe":139,"minecraft:wooden_pickaxe":103,"minecraft:spruce_sign":3,"farmersdelight:onion":2,"cozy_home:oak_chair":2,"minecraft:crafting_table":12,"minecraft:loom":1,"minecraft:magenta_bed":2,"minecraft:mushroom_stew":1,"minecraft:black_banner":5,"biomesoplenty:jacaranda_planks":29,"minecraft:bread":2,"minecraft:stone_slab":2,"cookingforblockheads:fruit_basket":2,"supplementaries:flax_seeds":6,"minecraft:stone_axe":104,"minecraft:wooden_sword":43,"minecraft:cobblestone":47,"minecraft:orange_banner":5,"minecraft:porkchop":4,"minecraft:white_banner":2,"minecraft:cooked_porkchop":5,"minecraft:red_banner":5,"minecraft:bucket":1,"alexsmobs:animal_dictionary":1,"biomesoplenty:jacaranda_sign":15,"vinery:red_grape_seeds":4,"vinery:taiga_grape_seeds_white":2},"minecraft:crafted":{"vinery:cherry_pressure_plate":2,"minecraft:black_dye":27,"minecraft:wooden_sword":2,"minecraft:magenta_wool":3,"minecraft:oak_planks":68,"minecraft:stone_shovel":2,"minecraft:barrel":1,"minecraft:furnace":2,"minecraft:red_banner":1,"minecraft:loom":1,"vinery:cherry_planks":116,"minecraft:bone_meal":9,"minecraft:pink_dye":2,"minecraft:orange_wool":20,"minecraft:cooked_mutton":6,"cookingforblockheads:fruit_basket":2,"minecraft:ladder":6,"minecraft:stone_pickaxe":3,"minecraft:chest":9,"biomesoplenty:jacaranda_sign":15,"minecraft:black_wool":6,"minecraft:stone_hoe":1,"minecraft:magenta_dye":3,"minecraft:orange_banner":4,"minecraft:cooked_beef":8,"minecraft:white_banner":1,"minecraft:red_dye":19,"minecraft:oak_slab":6,"minecraft:magenta_bed":1,"minecraft:wooden_shovel":1,"sophisticatedbackpacks:backpack":2,"biomesoplenty:jacaranda_planks":96,"minecraft:spruce_sign":3,"minecraft:crafting_table":4,"minecraft:spruce_planks":76,"minecraft:baked_potato":11,"minecraft:wooden_pickaxe":2,"cozy_home:table_oak_single":2,"vinery:cherry_fence":18,"minecraft:black_banner":2,"minecraft:red_wool":3,"minecraft:bucket":1,"minecraft:stone_axe":1,"vinery:cherry_slab":6,"minecraft:orange_dye":28,"minecraft:bread":2,"minecraft:yellow_dye":21,"minecraft:white_dye":9,"cozy_home:oak_bench":1,"minecraft:stick":100,"minecraft:iron_ingot":2,"minecraft:wooden_axe":1,"minecraft:stone_sword":1,"minecraft:light_gray_dye":1,"cozy_home:plank_oak_0":16,"minecraft:torch":12,"cozy_home:oak_chair":1,"minecraft:shears":1},"minecraft:dropped":{"minecraft:oak_slab":4,"minecraft:wheat_seeds":27,"minecraft:baked_potato":11,"minecraft:cobblestone":2,"minecraft:black_banner":2,"minecraft:item_frame":1,"minecraft:stick":8,"minecraft:cooked_salmon":4,"vinery:taiga_grapes_white":1,"minecraft:dandelion":2,"farmersdelight:rotten_tomato":3,"minecraft:oak_trapdoor":1,"minecraft:nether_wart":2,"alexsmobs:animal_dictionary":1,"minecraft:wheat":1,"minecraft:rotten_flesh":6,"minecraft:oak_planks":1,"minecraft:lily_of_the_valley":1,"minecraft:poppy":2,"supplementaries:ash":1,"minecraft:beetroot_seeds":1,"minecraft:ladder":1,"vinery:red_grape":3,"minecraft:arrow":2,"minecraft:wooden_pickaxe":1}},"DataVersion":3465}