{"stats":{"minecraft:broken":{"minecraft:stone_axe":1,"minecraft:wooden_axe":1,"minecraft:stone_shovel":2,"minecraft:wooden_pickaxe":1},"minecraft:custom":{"minecraft:animals_bred":25,"minecraft:interact_with_crafting_table":98,"minecraft:open_barrel":23,"minecraft:leave_game":2,"minecraft:time_since_death":488435,"minecraft:sprint_one_cm":1039548,"minecraft:drop":76,"minecraft:talked_to_villager":1,"minecraft:play_time":566325,"minecraft:deaths":2,"minecraft:jump":6024,"minecraft:walk_on_water_one_cm":32399,"minecraft:interact_with_furnace":16,"minecraft:interact_with_loom":39,"minecraft:sleep_in_bed":19,"minecraft:waystone_activated":1,"minecraft:damage_dealt":3820,"minecraft:crouch_one_cm":10855,"tombstone:undead_killed":3,"minecraft:mob_kills":37,"minecraft:interact_with_campfire":1,"minecraft:climb_one_cm":55011,"minecraft:walk_one_cm":1159049,"minecraft:sneak_time":2933,"minecraft:walk_under_water_one_cm":31506,"minecraft:total_world_time":566325,"minecraft:time_since_rest":17473,"minecraft:damage_taken":2793,"minecraft:swim_one_cm":60943,"minecraft:fly_one_cm":1033109,"minecraft:open_chest":222,"minecraft:fall_one_cm":77519},"minecraft:mined":{"minecraft:spruce_planks":14,"farmersdelight:rich_soil":6,"minecraft:grass_block":336,"minecraft:oxeye_daisy":1,"minecraft:tall_seagrass":2,"biomesoplenty:tall_lavender":11,"farmersdelight:wild_rice":2,"minecraft:fire":2,"minecraft:iron_ore":2,"biomesoplenty:lavender":19,"minecraft:azure_bluet":4,"supplementaries:stick":2,"minecraft:red_tulip":2,"vinery:taiga_grape_bush_white":4,"iceandfire:gold_pile":5,"minecraft:dirt_path":4,"vinery:cherry_fence":6,"minecraft:pink_tulip":4,"minecraft:white_banner":1,"biomesoplenty:jacaranda_leaves":1,"biomesoplenty:jacaranda_planks":13,"minecraft:torch":1,"vinery:red_grape_bush":5,"minecraft:poppy":10,"supplementaries:wild_flax":2,"farmersdelight:cabbages":3,"minecraft:cobblestone":1,"minecraft:oak_planks":3,"minecraft:wall_torch":2,"minecraft:magenta_bed":2,"minecraft:lilac":18,"minecraft:orange_tulip":12,"biomesoplenty:umbran_log":19,"minecraft:grass":101,"biomesoplenty:clover":3,"minecraft:oak_log":17,"minecraft:dirt":78,"minecraft:oak_leaves":3,"iceandfire:silver_ore":4,"cozy_home:oak_chair":1,"farmersdelight:wild_carrots":16,"minecraft:glow_lichen":2,"minecraft:allium":22,"minecraft:spruce_leaves":3,"minecraft:red_mushroom":1,"farmersdelight:red_mushroom_colony":1,"minecraft:large_fern":2,"farmersdelight:wild_onions":9,"biomesoplenty:jacaranda_log":34,"minecraft:oak_trapdoor":1,"supplementaries:flax":4,"minecraft:peony":4,"minecraft:stone":108,"minecraft:white_tulip":12,"minecraft:soul_sand":1,"minecraft:lily_of_the_valley":1,"minecraft:dandelion":23,"minecraft:oak_fence":1,"minecraft:crafting_table":9,"minecraft:cornflower":4,"handcrafted:oak_fancy_bed":1,"vinery:cherry_log":38,"minecraft:rose_bush":5,"biomesoplenty:stripped_jacaranda_log":4,"minecraft:stone_slab":2,"minecraft:tall_grass":39,"biomesoplenty:sprout":30,"minecraft:lapis_ore":2,"vinery:cherry_planks":1,"minecraft:air":2,"minecraft:sweet_berry_bush":51,"minecraft:black_wall_banner":5,"minecraft:spruce_log":16,"minecraft:red_wall_banner":4,"minecraft:coal_ore":47,"vinery:cherry_sapling":1,"minecraft:sunflower":12,"minecraft:gravel":4,"minecraft:orange_wall_banner":1,"vinery:cherry_leaves":12,"minecraft:fern":1},"minecraft:picked_up":{"minecraft:iron_chestplate":1,"minecraft:wheat":66,"vinery:red_grape":24,"minecraft:yellow_wool":4,"minecraft:stone_slab":2,"vinery:red_grape_seeds":10,"vinery:cherry_log":38,"minecraft:stone_brick_stairs":1,"minecraft:string":37,"minecraft:iron_leggings":1,"biomesoplenty:tall_lavender":10,"minecraft:beetroot":26,"minecraft:gold_nugget":36,"farmersdelight:cabbage":3,"minecraft:spruce_planks":14,"minecraft:white_tulip":12,"minecraft:rose_bush":5,"vinery:cherry_planks":1,"farmersdelight:cabbage_seeds":9,"vinery:cherry_fence":6,"minecraft:stick":21,"farmersdelight:rotten_tomato":3,"minecraft:oak_fence":1,"minecraft:torch":3,"minecraft:porkchop":7,"iceandfire:rotten_egg":1,"supplementaries:flax":3,"minecraft:rotten_flesh":8,"farmersdelight:onion":9,"minecraft:red_tulip":2,"supplementaries:ash":2,"minecraft:cobblestone":109,"biomesoplenty:lavender":7,"minecraft:feather":6,"minecraft:cooked_beef":1,"minecraft:lilac":15,"farmersdelight:rice":2,"minecraft:potato":11,"supplementaries:flax_seeds":11,"minecraft:magenta_bed":2,"farmersdelight:tomato":36,"minecraft:lapis_lazuli":10,"minecraft:dirt":422,"minecraft:bone":4,"minecraft:orange_tulip":12,"minecraft:wheat_seeds":528,"minecraft:mossy_stone_bricks":1,"minecraft:oak_planks":3,"vinery:taiga_grape_seeds_white":8,"minecraft:cooked_porkchop":5,"minecraft:ink_sac":27,"minecraft:lily_of_the_valley":1,"alexsmobs:animal_dictionary":1,"minecraft:orange_wool":22,"minecraft:bread":1,"minecraft:oak_sapling":38,"biomesoplenty:stripped_jacaranda_log":5,"iceandfire:raw_silver":4,"minecraft:crafting_table":9,"minecraft:allium":39,"minecraft:purple_wool":1,"minecraft:azure_bluet":4,"minecraft:chicken":6,"minecraft:nether_wart":6,"vinery:taiga_grapes_white":16,"minecraft:wooden_pickaxe":1,"minecraft:pink_wool":4,"minecraft:orange_banner":1,"biomesoplenty:jacaranda_sapling":27,"minecraft:cornflower":3,"minecraft:oak_trapdoor":1,"minecraft:item_frame":2,"vinery:cherry_sapling":16,"minecraft:beef":8,"minecraft:poppy":11,"minecraft:light_gray_wool":39,"minecraft:birch_sapling":1,"cozy_home:oak_chair":1,"minecraft:egg":38,"minecraft:raw_iron":2,"minecraft:carrot":63,"minecraft:arrow":4,"biomesoplenty:jacaranda_log":24,"minecraft:beetroot_seeds":70,"biomesoplenty:umbran_sapling":44,"minecraft:peony":4,"minecraft:pink_tulip":4,"minecraft:black_banner":5,"minecraft:mutton":10,"minecraft:white_wool":61,"farmersdelight:rich_soil":6,"minecraft:leather":4,"minecraft:red_mushroom":11,"minecraft:mushroom_stew":1,"minecraft:oak_log":17,"biomesoplenty:jacaranda_planks":13,"minecraft:white_banner":1,"minecraft:stone_bricks":2,"minecraft:soul_sand":1,"minecraft:iron_sword":1,"biomesoplenty:umbran_log":19,"handcrafted:oak_fancy_bed":1,"minecraft:sweet_berries":235,"minecraft:red_wool":7,"minecraft:dandelion":25,"minecraft:gravel":1,"minecraft:spruce_sapling":5,"minecraft:red_banner":4,"minecraft:spruce_log":19,"artifacts:scarf_of_invisibility":1,"minecraft:spider_eye":2,"biomesoplenty:flowering_oak_sapling":2,"minecraft:gray_wool":16,"minecraft:baked_potato":11,"minecraft:black_wool":7,"minecraft:coal":46,"minecraft:sunflower":10},"minecraft:killed":{"minecraft:spider":3,"minecraft:skeleton":1,"minecraft:chicken":6,"minecraft:pig":1,"minecraft:sheep":6,"minecraft:zombie":2,"minecraft:cow":3,"minecraft:squid":15},"minecraft:used":{"minecraft:beetroot":4,"vinery:cherry_sapling":12,"minecraft:ladder":5,"farmersdelight:cabbage_seeds":3,"minecraft:chest":8,"minecraft:iron_sword":37,"minecraft:mutton":4,"minecraft:carrot":26,"minecraft:allium":1,"minecraft:birch_sapling":1,"minecraft:item_frame":1,"biomesoplenty:jacaranda_sapling":6,"minecraft:sweet_berries":158,"minecraft:furnace":2,"minecraft:oak_sapling":37,"minecraft:beetroot_seeds":6,"minecraft:egg":29,"minecraft:stone_pickaxe":139,"vinery:cherry_fence":52,"minecraft:oak_planks":2,"minecraft:wooden_pickaxe":103,"minecraft:loom":1,"minecraft:mushroom_stew":1,"minecraft:black_banner":5,"biomesoplenty:jacaranda_planks":29,"minecraft:bread":2,"supplementaries:flax_seeds":6,"minecraft:wooden_sword":43,"handcrafted:oak_fancy_bed":2,"biomesoplenty:jacaranda_sign":15,"minecraft:oak_fence":1,"minecraft:stone_sword":152,"cozy_home:oak_bench":1,"minecraft:stone_shovel":262,"minecraft:spruce_planks":15,"minecraft:wooden_shovel":3,"minecraft:stone_hoe":58,"minecraft:stick":2,"minecraft:torch":11,"minecraft:dirt":422,"vinery:taiga_grapes_white":4,"minecraft:wooden_axe":77,"minecraft:red_tulip":1,"biomesoplenty:tall_lavender":5,"minecraft:barrel":1,"biomesoplenty:umbran_sapling":3,"cozy_home:table_oak_single":2,"tombstone:gift":2,"minecraft:cooked_beef":9,"farmersdelight:tomato_seeds":4,"vinery:red_grape":1,"minecraft:wheat_seeds":25,"vinery:cherry_planks":35,"minecraft:cooked_mutton":6,"minecraft:water_bucket":1,"minecraft:baked_potato":5,"minecraft:spruce_sign":3,"farmersdelight:onion":2,"cozy_home:oak_chair":2,"minecraft:crafting_table":12,"minecraft:magenta_bed":2,"minecraft:stone_slab":2,"cookingforblockheads:fruit_basket":2,"minecraft:stone_axe":137,"minecraft:cobblestone":47,"minecraft:orange_banner":5,"minecraft:cooked_porkchop":5,"minecraft:white_banner":2,"minecraft:porkchop":4,"minecraft:red_banner":5,"minecraft:bucket":1,"alexsmobs:animal_dictionary":1,"vinery:red_grape_seeds":4,"vinery:taiga_grape_seeds_white":2},"minecraft:crafted":{"vinery:cherry_pressure_plate":2,"minecraft:black_dye":27,"minecraft:oak_planks":68,"minecraft:barrel":1,"minecraft:loom":1,"vinery:cherry_planks":152,"minecraft:cooked_mutton":6,"cookingforblockheads:fruit_basket":2,"minecraft:chest":9,"biomesoplenty:jacaranda_sign":15,"minecraft:black_wool":6,"minecraft:stone_hoe":1,"minecraft:magenta_dye":3,"minecraft:white_banner":1,"minecraft:oak_slab":6,"minecraft:wooden_shovel":1,"minecraft:cooked_porkchop":3,"sophisticatedbackpacks:backpack":2,"biomesoplenty:jacaranda_planks":96,"minecraft:crafting_table":4,"minecraft:spruce_planks":76,"minecraft:wooden_pickaxe":2,"minecraft:baked_potato":11,"cozy_home:table_oak_single":2,"minecraft:red_wool":3,"minecraft:yellow_dye":22,"minecraft:stick":100,"minecraft:iron_ingot":2,"minecraft:stone_sword":1,"minecraft:light_gray_dye":1,"cozy_home:plank_oak_0":16,"minecraft:shears":1,"minecraft:wooden_sword":2,"minecraft:magenta_wool":3,"minecraft:stone_shovel":2,"handcrafted:oak_fancy_bed":1,"minecraft:furnace":2,"minecraft:red_banner":1,"minecraft:bone_meal":9,"minecraft:pink_dye":2,"minecraft:orange_wool":20,"minecraft:ladder":6,"minecraft:stone_pickaxe":3,"minecraft:orange_banner":4,"minecraft:cooked_beef":8,"minecraft:red_dye":20,"minecraft:magenta_bed":1,"minecraft:spruce_sign":3,"handcrafted:white_cushion":16,"vinery:cherry_fence":48,"handcrafted:yellow_sheet":8,"minecraft:black_banner":2,"minecraft:bucket":1,"minecraft:stone_axe":2,"minecraft:orange_dye":28,"minecraft:bread":2,"vinery:cherry_slab":6,"minecraft:blue_dye":1,"minecraft:white_dye":9,"cozy_home:oak_bench":1,"minecraft:wooden_axe":1,"minecraft:torch":12,"cozy_home:oak_chair":1},"minecraft:dropped":{"minecraft:baked_potato":11,"minecraft:black_banner":2,"minecraft:item_frame":1,"vinery:taiga_grapes_white":1,"alexsmobs:animal_dictionary":1,"minecraft:wheat":1,"minecraft:rotten_flesh":6,"minecraft:oak_planks":1,"minecraft:poppy":2,"supplementaries:ash":1,"minecraft:beetroot_seeds":1,"minecraft:ladder":1,"minecraft:arrow":2,"minecraft:oak_slab":4,"minecraft:wheat_seeds":42,"minecraft:cobblestone":2,"minecraft:stick":8,"minecraft:cooked_salmon":4,"minecraft:dandelion":2,"farmersdelight:rotten_tomato":3,"minecraft:oak_trapdoor":1,"minecraft:nether_wart":2,"minecraft:lily_of_the_valley":1,"minecraft:pink_wool":1,"vinery:red_grape":3,"minecraft:wooden_pickaxe":1}},"DataVersion":3465}