{"stats":{"minecraft:killed":{"minecraft:spider":6,"minecraft:skeleton":7,"creeperoverhaul:cave_creeper":2,"minecraft:pig":10,"minecraft:sheep":14,"minecraft:pillager":4,"minecraft:zombie":38,"iceandfire:sea_serpent":2,"minecraft:cow":8,"minecraft:horse":1,"friendsandfoes:mauler":1,"minecraft:bat":1},"minecraft:dropped":{"biomesoplenty:umbran_planks":4,"minecraft:iron_sword":1,"minecraft:porkchop":3,"minecraft:cooked_beef":8,"minecraft:diamond":10,"minecraft:cookie":1,"paraglider:spirit_orb":5,"minecraft:red_carpet":6,"minecraft:dirt":11,"minecraft:mutton":5,"biomesoplenty:flowering_oak_sapling":2,"iceandfire:armor_silver_metal_helmet":2,"minecraft:bone":4,"minecraft:cobbled_deepslate":277,"minecraft:wheat":2,"minecraft:birch_sapling":1,"minecraft:beetroot":2,"minecraft:rotten_flesh":14,"biomesoplenty:umbran_button":64,"minecraft:cooked_mutton":2,"minecraft:carrot":22,"minecraft:poppy":2,"supplementaries:ash":2,"iceandfire:armor_silver_metal_boots":1,"minecraft:mossy_stone_brick_wall":1,"minecraft:skeleton_skull":2,"minecraft:beetroot_seeds":6,"artifacts:scarf_of_invisibility":1,"minecraft:stone_brick_stairs":1,"minecraft:purple_carpet":3,"minecraft:enchanted_book":2,"minecraft:iron_ingot":67,"minecraft:bread":3,"biomesoplenty:jacaranda_sapling":16,"minecraft:wheat_seeds":16,"minecraft:lilac":1,"minecraft:bookshelf":4,"minecraft:cobblestone":45,"minecraft:book":13,"minecraft:spruce_stairs":4,"biomesoplenty:violet":1,"biomesoplenty:jacaranda_log":17,"minecraft:pufferfish":1,"tombstone:magic_scroll":1,"minecraft:rose_bush":1,"iceandfire:armor_silver_metal_chestplate":1,"minecraft:iron_leggings":2,"minecraft:pumpkin":1,"minecraft:paper":1,"minecraft:bucket":1,"minecraft:gray_carpet":1,"minecraft:acacia_planks":1,"minecraft:dandelion":5,"minecraft:sweet_berries":5,"minecraft:nether_wart":1,"minecraft:bowl":1,"minecraft:tuff":43,"minecraft:chicken":1,"minecraft:light_gray_wool":1,"minecraft:stone":2,"minecraft:hay_block":1,"minecraft:oak_button":128,"minecraft:iron_chestplate":2,"biomesoplenty:umbran_sapling":109,"minecraft:mossy_stone_bricks":1,"iceandfire:silver_ingot":4,"minecraft:golden_leggings":1,"minecraft:oak_sapling":39,"minecraft:wooden_shovel":1,"minecraft:carved_pumpkin":1,"minecraft:spider_eye":3,"minecraft:stone_bricks":2,"tombstone:essence_of_undeath":1,"minecraft:stone_pickaxe":1,"minecraft:bow":1,"minecraft:wooden_pickaxe":1},"minecraft:broken":{"minecraft:stone_pickaxe":2,"minecraft:iron_sword":2,"minecraft:wooden_axe":1,"minecraft:diamond_axe":2,"minecraft:iron_pickaxe":2,"minecraft:iron_helmet":1},"minecraft:used":{"iceandfire:lectern":1,"minecraft:iron_shovel":44,"minecraft:chest":1,"minecraft:shield":8,"minecraft:iron_sword":390,"minecraft:iron_chestplate":1,"biomesoplenty:umbran_log":17,"minecraft:carrot":12,"minecraft:lava_bucket":3,"minecraft:lantern":1,"minecraft:iron_helmet":2,"minecraft:stone_bricks":9,"minecraft:item_frame":2,"minecraft:bow":156,"minecraft:sweet_berries":76,"minecraft:oak_sapling":56,"minecraft:furnace":6,"minecraft:beetroot_seeds":4,"minecraft:skeleton_skull":1,"minecraft:egg":2,"minecraft:potato":1,"iceandfire:pixie_jar_empty":3,"minecraft:mossy_stone_bricks":2,"minecraft:damaged_anvil":1,"minecraft:diamond_boots":1,"minecraft:oak_planks":110,"minecraft:stone_pickaxe":177,"minecraft:gray_carpet":1,"minecraft:blackstone":1,"minecraft:wooden_pickaxe":8,"minecraft:mossy_stone_brick_stairs":1,"minecraft:diamond_axe":3226,"minecraft:black_bed":1,"waystones:waystone":1,"biomesoplenty:umbran_planks":5,"sophisticatedbackpacks:backpack":1,"minecraft:bread":84,"minecraft:gravel":3,"minecraft:diamond_sword":5,"minecraft:andesite":8,"minecraft:oak_boat":3,"biomesoplenty:jacaranda_sign":1,"minecraft:oak_fence":1,"minecraft:stone_sword":88,"minecraft:enchanting_table":1,"minecraft:spruce_planks":45,"minecraft:wooden_shovel":23,"minecraft:oak_door":2,"minecraft:stick":3,"minecraft:torch":92,"minecraft:dirt":65,"vinery:taiga_grapes_white":1,"minecraft:spruce_stairs":6,"minecraft:diamond_helmet":1,"minecraft:spruce_fence":1,"iceandfire:gold_pile":30,"minecraft:iron_hoe":1,"minecraft:wooden_axe":61,"minecraft:iron_boots":1,"biomesoplenty:umbran_sapling":152,"minecraft:diamond_chestplate":1,"minecraft:acacia_wood":4,"tombstone:gift":6,"minecraft:cooked_beef":5,"minecraft:cobbled_deepslate":56,"minecraft:stone_pressure_plate":1,"minecraft:acacia_planks":55,"vinery:red_grape":3,"minecraft:iron_leggings":1,"minecraft:cooked_mutton":13,"minecraft:wheat_seeds":59,"minecraft:water_bucket":25,"minecraft:baked_potato":3,"minecraft:cauldron":1,"biomesoplenty:umbran_trapdoor":5,"iceandfire:copper_pile":2,"minecraft:crafting_table":8,"minecraft:white_bed":5,"minecraft:oak_log":1,"minecraft:oxeye_daisy":2,"minecraft:apple":7,"minecraft:iron_pickaxe":651,"minecraft:stone_axe":132,"minecraft:cobblestone":152,"minecraft:porkchop":2,"minecraft:cooked_porkchop":3,"minecraft:bucket":29,"minecraft:diamond_leggings":1},"minecraft:killed_by":{"minecraft:skeleton":1},"minecraft:custom":{"minecraft:animals_bred":13,"minecraft:interact_with_crafting_table":59,"minecraft:open_barrel":8,"goblintraders:trade_with_goblin":63,"minecraft:eat_cake_slice":2,"minecraft:leave_game":3,"minecraft:time_since_death":319197,"minecraft:sprint_one_cm":1311135,"minecraft:damage_blocked_by_shield":390,"minecraft:drop":163,"minecraft:talked_to_villager":172,"minecraft:play_time":517325,"minecraft:deaths":9,"minecraft:jump":7743,"minecraft:walk_on_water_one_cm":29359,"minecraft:interact_with_furnace":130,"minecraft:traded_with_villager":688,"minecraft:interact_with_cartography_table":4,"minecraft:sleep_in_bed":6,"minecraft:waystone_activated":4,"minecraft:open_enderchest":3,"minecraft:damage_dealt":13331,"minecraft:crouch_one_cm":56642,"tombstone:undead_killed":45,"minecraft:interact_with_smoker":5,"minecraft:use_cauldron":1,"minecraft:horse_one_cm":3876,"minecraft:interact_with_anvil":13,"minecraft:mob_kills":99,"minecraft:fill_cauldron":2,"minecraft:interact_with_campfire":1,"minecraft:climb_one_cm":15542,"minecraft:walk_one_cm":1365066,"minecraft:damage_dealt_absorbed":80,"minecraft:sneak_time":14586,"minecraft:walk_under_water_one_cm":31616,"minecraft:boat_one_cm":81100,"minecraft:total_world_time":517325,"minecraft:interact_with_grindstone":3,"minecraft:time_since_rest":17267,"minecraft:damage_taken":7399,"minecraft:swim_one_cm":29615,"minecraft:fly_one_cm":1483253,"minecraft:open_chest":155,"minecraft:fall_one_cm":217655},"minecraft:crafted":{"minecraft:oak_planks":1528,"minecraft:bookshelf":5,"minecraft:cooked_mutton":13,"iceandfire:armor_silver_metal_chestplate":1,"minecraft:bow":1,"minecraft:diamond_helmet":1,"minecraft:diamond_leggings":1,"minecraft:iron_boots":1,"minecraft:chest":1,"minecraft:oak_button":64,"minecraft:wooden_shovel":1,"sophisticatedbackpacks:backpack":1,"minecraft:emerald":672,"minecraft:cooked_porkchop":3,"minecraft:diamond_axe":1,"minecraft:crafting_table":8,"minecraft:spruce_planks":56,"minecraft:wooden_pickaxe":1,"minecraft:iron_helmet":2,"minecraft:baked_potato":3,"minecraft:copper_ingot":25,"minecraft:birch_planks":108,"iceandfire:copper_pile":8,"minecraft:iron_chestplate":2,"minecraft:diamond_pickaxe":2,"minecraft:stick":21204,"minecraft:iron_ingot":177,"minecraft:iron_pickaxe":2,"minecraft:stone_sword":1,"minecraft:gold_ingot":15,"biomesoplenty:umbran_button":64,"iceandfire:gold_pile":49,"minecraft:coal":4,"minecraft:iron_nugget":72,"minecraft:furnace":4,"minecraft:diamond":1,"minecraft:stone_pickaxe":1,"minecraft:diamond_boots":1,"iceandfire:armor_silver_metal_boots":1,"minecraft:wheat":162,"sophisticatedbackpacks:iron_backpack":1,"minecraft:cooked_beef":23,"biomesoplenty:umbran_planks":9296,"minecraft:diamond_sword":1,"iceandfire:silver_ingot":29,"minecraft:iron_sword":1,"sophisticatedbackpacks:gold_backpack":1,"minecraft:bucket":2,"minecraft:stone_axe":1,"minecraft:enchanted_book":7,"minecraft:air":0,"minecraft:bread":72,"iceandfire:armor_silver_metal_helmet":1,"minecraft:oak_boat":1,"minecraft:gold_nugget":63,"minecraft:flint":52,"minecraft:wooden_axe":1,"minecraft:iron_shovel":1,"minecraft:iron_leggings":3,"minecraft:white_bed":2,"minecraft:acacia_planks":48,"minecraft:torch":76,"minecraft:diamond_chestplate":1},"minecraft:mined":{"biomesoplenty:umbran_trapdoor":4,"minecraft:spruce_planks":2,"minecraft:white_bed":3,"farmersdelight:rich_soil":1,"iceandfire:copper_pile":2,"minecraft:carved_pumpkin":1,"biomesoplenty:umbran_planks":5,"minecraft:stone_brick_wall":1,"minecraft:grass_block":38,"biomesoplenty:flowering_oak_leaves":1,"iceandfire:lectern":1,"graveyard:skull_on_pike":1,"minecraft:spawner":5,"minecraft:iron_ore":73,"minecraft:cobbled_deepslate":1,"minecraft:fire":7,"biomesoplenty:violet":1,"minecraft:pumpkin":1,"minecraft:enchanting_table":1,"minecraft:dark_oak_stairs":1,"iceandfire:gold_pile":6,"minecraft:iron_bars":1,"minecraft:purple_carpet":2,"minecraft:spruce_slab":1,"minecraft:deepslate_redstone_ore":16,"minecraft:blackstone":1,"farmersdelight:organic_compost":2,"minecraft:torch":3,"minecraft:chest":1,"minecraft:cobblestone":11,"minecraft:cyan_bed":1,"minecraft:damaged_anvil":1,"minecraft:oak_planks":21,"minecraft:wall_torch":13,"minecraft:cauldron":1,"minecraft:skeleton_skull":2,"farmersdelight:sandy_shrub":1,"minecraft:mossy_stone_brick_wall":1,"minecraft:birch_log":32,"minecraft:wheat":46,"minecraft:lilac":1,"minecraft:black_bed":1,"biomesoplenty:umbran_log":2744,"graveyard:skull_pile":1,"minecraft:stone_brick_stairs":2,"minecraft:grass":135,"biomesoplenty:clover":3,"minecraft:oak_log":384,"minecraft:beetroots":3,"minecraft:sand":3,"minecraft:dirt":44,"biomesoplenty:umbran_leaves":398,"minecraft:oak_leaves":17,"minecraft:deepslate":259,"graveyard:torso_pile":2,"minecraft:tuff":15,"minecraft:red_carpet":5,"iceandfire:silver_ore":30,"minecraft:deepslate_diamond_ore":3,"minecraft:oak_door":1,"farmersdelight:wild_carrots":8,"minecraft:glow_lichen":2,"minecraft:spruce_fence":1,"iceandfire:deepslate_silver_ore":2,"iceandfire:chared_grass":1,"minecraft:hay_block":26,"biomesoplenty:jacaranda_log":17,"minecraft:oak_trapdoor":1,"minecraft:furnace":2,"minecraft:carrots":19,"minecraft:acacia_wood":18,"minecraft:andesite":9,"minecraft:mossy_stone_brick_stairs":1,"minecraft:bookshelf":19,"minecraft:potatoes":7,"minecraft:deepslate_iron_ore":24,"minecraft:stone":215,"sophisticatedbackpacks:backpack":1,"minecraft:white_wool":3,"minecraft:ender_chest":1,"iceandfire:pixie_jar_empty":3,"minecraft:glass_pane":1,"graveyard:laterally_lying_skeleton":1,"minecraft:oak_fence":4,"minecraft:oak_wood":3,"minecraft:rose_bush":2,"minecraft:campfire":1,"minecraft:copper_ore":20,"minecraft:tall_grass":39,"biomesoplenty:sprout":13,"minecraft:deepslate_gold_ore":8,"biomesoplenty:umbran_sapling":14,"minecraft:air":5,"supplementaries:urn":2,"minecraft:spruce_stairs":8,"farmersdelight:wild_beetroots":1,"minecraft:purple_wool":1,"minecraft:sweet_berry_bush":24,"minecraft:spruce_log":11,"minecraft:birch_leaves":2,"minecraft:purple_concrete":4,"minecraft:coal_ore":65,"minecraft:sunflower":1,"minecraft:gravel":36,"graveyard:leaning_skeleton":1,"minecraft:gray_carpet":3,"minecraft:cobweb":18,"minecraft:acacia_planks":7,"minecraft:stone_bricks":26,"minecraft:mossy_stone_bricks":1,"minecraft:gold_ore":3,"biomesoplenty:jacaranda_wall_sign":1,"minecraft:deepslate_emerald_ore":2,"minecraft:fern":1},"minecraft:picked_up":{"vinery:red_grape":3,"minecraft:iron_chestplate":1,"minecraft:wheat":46,"biomesoplenty:umbran_trapdoor":4,"biomesoplenty:violet":1,"minecraft:enchanted_book":3,"minecraft:stone_brick_stairs":4,"minecraft:string":29,"minecraft:raw_copper":71,"minecraft:oak_sign":2,"minecraft:beetroot":4,"minecraft:gold_nugget":36,"minecraft:cobbled_deepslate":368,"minecraft:spruce_planks":2,"minecraft:rose_bush":1,"minecraft:iron_pickaxe":1,"minecraft:furnace":2,"minecraft:stick":383,"minecraft:oak_fence":3,"minecraft:torch":20,"biomesoplenty:umbran_planks":4,"minecraft:spruce_stairs":10,"minecraft:porkchop":21,"tombstone:grave_dust":8,"minecraft:cauldron":1,"minecraft:rotten_flesh":49,"minecraft:carved_pumpkin":1,"supplementaries:ash":7,"minecraft:obsidian":8,"minecraft:iron_bars":1,"minecraft:cobblestone":257,"biomesoplenty:jacaranda_sign":1,"minecraft:birch_log":27,"minecraft:enchanting_table":1,"minecraft:lilac":1,"minecraft:andesite":9,"minecraft:black_bed":1,"minecraft:golden_leggings":1,"minecraft:potato":20,"paraglider:spirit_orb":11,"minecraft:flint":4,"minecraft:tuff":43,"minecraft:dirt":82,"minecraft:lantern":1,"minecraft:purple_carpet":3,"minecraft:bone":41,"minecraft:acacia_planks":8,"minecraft:bow":1,"minecraft:wheat_seeds":143,"minecraft:raw_gold":11,"vinery:grapevine_stem":16,"minecraft:mossy_stone_bricks":3,"minecraft:oak_planks":20,"minecraft:mossy_stone_brick_stairs":2,"minecraft:sand":3,"minecraft:diamond_block":1,"minecraft:cyan_bed":1,"minecraft:diamond":22,"iceandfire:lectern":1,"waystones:waystone":2,"minecraft:emerald":2,"minecraft:bread":29,"minecraft:oak_sapling":117,"iceandfire:raw_silver":32,"minecraft:charcoal":2,"minecraft:azure_bluet":1,"minecraft:purple_wool":1,"minecraft:ladder":2,"minecraft:nether_wart":1,"vinery:taiga_grapes_white":1,"minecraft:stone_brick_wall":1,"biomesoplenty:jacaranda_sapling":16,"minecraft:shield":1,"minecraft:oak_trapdoor":1,"minecraft:item_frame":2,"minecraft:blackstone":1,"minecraft:beef":15,"minecraft:oak_boat":2,"minecraft:poppy":3,"minecraft:light_gray_wool":1,"minecraft:spruce_slab":1,"minecraft:chest":1,"minecraft:birch_sapling":1,"minecraft:phantom_membrane":1,"minecraft:egg":2,"minecraft:raw_iron":101,"minecraft:stone":2,"minecraft:oak_door":2,"sophisticatedbackpacks:crafting_upgrade":1,"minecraft:bowl":1,"minecraft:spruce_fence":1,"sophisticatedbackpacks:backpack":1,"minecraft:carrot":73,"minecraft:redstone":59,"minecraft:stone_pressure_plate":1,"minecraft:arrow":7,"biomesoplenty:jacaranda_log":17,"biomesoplenty:umbran_sapling":466,"minecraft:beetroot_seeds":10,"minecraft:hay_block":27,"tombstone:essence_of_undeath":2,"minecraft:mutton":20,"minecraft:skeleton_skull":3,"minecraft:white_wool":13,"minecraft:oxeye_daisy":2,"iceandfire:sea_serpent_fang":17,"minecraft:leather":4,"minecraft:acacia_wood":16,"minecraft:oak_log":379,"minecraft:gunpowder":4,"minecraft:paper":1,"farmersdelight:organic_compost":1,"minecraft:cooked_mutton":2,"minecraft:red_carpet":7,"minecraft:stone_bricks":22,"minecraft:apple":11,"minecraft:gray_carpet":3,"iceandfire:pixie_jar_empty":3,"iceandfire:armor_silver_metal_helmet":1,"minecraft:iron_ingot":19,"minecraft:stone_pickaxe":2,"minecraft:mossy_stone_brick_wall":1,"iceandfire:sea_serpent_scales_deepblue":1,"minecraft:iron_sword":2,"biomesoplenty:umbran_log":2405,"minecraft:purple_concrete":3,"minecraft:book":59,"iceandfire:copper_nugget":16,"minecraft:pumpkin":1,"minecraft:sweet_berries":62,"iceandfire:sea_serpent_scales_green":13,"minecraft:dandelion":4,"minecraft:gravel":29,"minecraft:spruce_sapling":2,"minecraft:spruce_log":11,"minecraft:white_bed":3,"artifacts:scarf_of_invisibility":1,"minecraft:spider_eye":3,"biomesoplenty:flowering_oak_sapling":2,"minecraft:oak_wood":2,"minecraft:diamond_axe":1,"minecraft:gray_wool":3,"minecraft:oak_button":64,"minecraft:damaged_anvil":1,"tombstone:magic_scroll":2,"minecraft:coal":65,"minecraft:sunflower":1}},"DataVersion":3465}