{"stats":{"minecraft:crafted":{"minecraft:grindstone":1,"minecraft:smooth_stone":64,"minecraft:oak_planks":200,"minecraft:dark_oak_boat":1,"minecraft:stone":136,"easy_villagers:incubator":1,"minecraft:diamond_shovel":4,"minecraft:bookshelf":24,"minecraft:cooked_mutton":12,"minecraft:glass":41,"minecraft:bow":33,"minecraft:diamond_helmet":1,"minecraft:diamond_leggings":1,"minecraft:chest":5,"easy_villagers:trader":5,"minecraft:stone_bricks":40,"biomesoplenty:umbran_trapdoor":2,"sophisticatedbackpacks:backpack":2,"minecraft:arrow":176,"minecraft:emerald":404,"minecraft:diamond_axe":1,"minecraft:crafting_table":4,"minecraft:spruce_planks":56,"minecraft:wooden_pickaxe":1,"minecraft:iron_helmet":10,"minecraft:smithing_table":1,"minecraft:mossy_cobblestone":1,"minecraft:fletching_table":1,"minecraft:spruce_trapdoor":2,"minecraft:diamond_pickaxe":5,"minecraft:purple_dye":1,"cataclysm:stone_tile_stairs":5,"minecraft:stick":7887,"minecraft:stone_slab":6,"minecraft:iron_ingot":1,"minecraft:iron_pickaxe":1,"minecraft:iron_block":3,"minecraft:gold_ingot":34,"minecraft:shears":1,"biomesoplenty:umbran_fence_gate":1,"minecraft:stone_shovel":1,"minecraft:diamond_hoe":1,"minecraft:furnace":1,"minecraft:blast_furnace":1,"minecraft:jack_o_lantern":12,"easy_villagers:iron_farm":1,"cataclysm:stone_tiles":16,"minecraft:glass_pane":64,"minecraft:lantern":1,"minecraft:iron_axe":11,"minecraft:ladder":18,"minecraft:stone_pickaxe":11,"minecraft:diamond_boots":1,"minecraft:dark_oak_planks":84,"handcrafted:stackable_book":4,"sophisticatedbackpacks:iron_backpack":2,"minecraft:cooked_beef":1,"biomesoplenty:umbran_planks":3964,"paraglider:paraglider":1,"minecraft:crossbow":36,"easy_villagers:farmer":2,"minecraft:diamond_sword":1,"minecraft:enchanting_table":1,"sophisticatedbackpacks:gold_backpack":4,"biomesoplenty:umbran_door":3,"minecraft:bucket":1,"minecraft:stone_axe":2,"minecraft:enchanted_book":5,"minecraft:air":0,"minecraft:oak_boat":1,"minecraft:white_dye":3,"minecraft:black_carpet":3,"easy_villagers:breeder":2,"handcrafted:hammer":1,"minecraft:iron_shovel":1,"minecraft:anvil":1,"minecraft:stonecutter":1,"minecraft:white_bed":3,"minecraft:acacia_planks":32,"minecraft:torch":56,"easy_villagers:converter":1,"biomesoplenty:umbran_slab":78,"minecraft:lapis_lazuli":36,"minecraft:diamond_chestplate":1},"minecraft:mined":{"minecraft:blue_carpet":3,"biomesoplenty:umbran_trapdoor":4,"minecraft:white_bed":3,"minecraft:spruce_planks":5,"minecraft:brewing_stand":3,"cataclysm:stone_tiles":3,"minecraft:carved_pumpkin":12,"biomesoplenty:umbran_planks":25,"minecraft:acacia_log":1,"minecraft:grass_block":222,"biomesoplenty:umbran_fence_gate":1,"minecraft:soul_soil":3,"minecraft:nether_wart":2,"graveyard:lower_bone_staff":3,"minecraft:smooth_stone":1,"minecraft:magma_block":1,"minecraft:fire":17,"biomesoplenty:violet":1,"easy_villagers:breeder":1,"minecraft:pumpkin":14,"minecraft:black_carpet":6,"minecraft:fletching_table":6,"minecraft:enchanting_table":1,"minecraft:brown_bed":3,"iceandfire:gold_pile":17,"minecraft:azalea_leaves":1,"biomesoplenty:jacaranda_leaves":15,"handcrafted:stackable_book":13,"minecraft:torch":7,"minecraft:poppy":1,"iceandfire:ghost_chest":5,"minecraft:chest":3,"minecraft:cobblestone":26,"graveyard:lying_skeleton":1,"minecraft:sugar_cane":21,"minecraft:wall_torch":10,"minecraft:lapis_block":4,"minecraft:wheat":2,"minecraft:lilac":2,"minecraft:black_bed":4,"biomesoplenty:umbran_log":1230,"minecraft:stone_brick_stairs":1,"minecraft:grass":562,"minecraft:oak_log":37,"minecraft:sand":42,"minecraft:dirt":169,"biomesoplenty:umbran_leaves":2,"minecraft:stonecutter":1,"minecraft:netherrack":54,"minecraft:oak_leaves":136,"minecraft:suspicious_gravel":1,"biomesoplenty:orange_autumn_leaves":44,"iceandfire:silver_ore":3,"minecraft:dark_oak_leaves":2,"minecraft:dark_oak_log":10,"minecraft:ladder":1,"minecraft:chiseled_bookshelf":7,"biomesoplenty:bush":1,"minecraft:allium":1,"biomesoplenty:umbran_slab":1,"minecraft:sandstone":117,"minecraft:large_fern":1,"minecraft:furnace":2,"graveyard:tg_moss_block":1,"minecraft:acacia_wood":6,"minecraft:bookshelf":11,"easy_villagers:trader":8,"minecraft:stone":1081,"biomesoplenty:umbran_door":1,"minecraft:scaffolding":1,"minecraft:glass_pane":2,"minecraft:soul_sand":3,"minecraft:dandelion":1,"minecraft:crafting_table":8,"minecraft:lectern":1,"minecraft:copper_ore":10,"minecraft:tall_grass":117,"graveyard:tg_grass_block":1,"biomesoplenty:sprout":38,"biomesoplenty:umbran_sapling":3,"minecraft:spruce_stairs":3,"easy_villagers:incubator":1,"minecraft:coarse_dirt":1,"minecraft:sweet_berry_bush":2,"minecraft:spruce_log":1,"minecraft:black_wool":19,"minecraft:coal_ore":30,"minecraft:sunflower":1,"minecraft:gravel":27,"minecraft:gray_carpet":1,"minecraft:cobweb":11,"minecraft:stone_bricks":1,"minecraft:fern":2},"minecraft:dropped":{"biomesoplenty:orange_autumn_leaves":3,"minecraft:cooked_porkchop":1,"minecraft:crossbow":38,"minecraft:dirt":9,"minecraft:grass":4,"alexsmobs:cooked_catfish":1,"iceandfire:armor_silver_metal_helmet":1,"minecraft:gravel":1,"minecraft:iron_nugget":8,"minecraft:rotten_flesh":15,"minecraft:oak_planks":3,"minecraft:carrot":1,"minecraft:poppy":52,"cataclysm:stone_tile_stairs":2,"supplementaries:ash":1,"iceandfire:armor_silver_metal_boots":1,"minecraft:gunpowder":6,"minecraft:water_bucket":1,"minecraft:bread":4,"minecraft:iron_ingot":1,"minecraft:wheat_seeds":4,"minecraft:smithing_table":1,"minecraft:cobblestone":1,"biomesoplenty:umbran_door":2,"minecraft:iron_helmet":37,"minecraft:copper_ingot":4,"minecraft:spruce_stairs":4,"minecraft:mushroom_stew":2,"minecraft:torch":1,"tombstone:grave_key":2,"minecraft:iron_leggings":1,"minecraft:iron_axe":19,"minecraft:string":1,"minecraft:dandelion":2,"minecraft:sweet_berries":2,"minecraft:bowl":3,"minecraft:stone_shovel":1,"minecraft:stone":1,"minecraft:shield":1,"minecraft:iron_chestplate":1,"biomesoplenty:umbran_sapling":51,"easy_villagers:villager":2,"minecraft:stone_pickaxe":14,"iceandfire:fire_dragon_heart":1,"minecraft:bow":42,"minecraft:black_wool":1},"minecraft:used":{"minecraft:jack_o_lantern":10,"minecraft:iron_shovel":270,"easy_villagers:breeder":3,"minecraft:ladder":12,"minecraft:poppy":5,"minecraft:black_carpet":8,"minecraft:chest":6,"minecraft:shield":41,"minecraft:stone":2,"minecraft:iron_sword":123,"handcrafted:stackable_book":13,"minecraft:soul_sand":1,"biomesoplenty:umbran_log":5,"minecraft:carrot":95,"cataclysm:stone_tiles":18,"minecraft:azure_bluet":2,"easy_villagers:converter":1,"minecraft:lava_bucket":4,"minecraft:lantern":1,"iceandfire:ghost_chest":1,"easy_villagers:iron_farm":1,"minecraft:stone_bricks":1,"minecraft:golden_sword":28,"minecraft:magma_block":1,"minecraft:bow":12,"minecraft:dark_oak_boat":3,"minecraft:scaffolding":1,"minecraft:sweet_berries":17,"supplementaries:ash":1,"minecraft:furnace":2,"minecraft:egg":1,"minecraft:potato":90,"minecraft:stone_pickaxe":264,"minecraft:oak_planks":2,"minecraft:wooden_pickaxe":9,"minecraft:sandstone":20,"minecraft:sugar_cane":2,"minecraft:diamond_axe":530,"minecraft:oak_leaves":71,"graveyard:lower_bone_staff":2,"minecraft:blast_furnace":1,"biomesoplenty:umbran_door":1,"minecraft:black_bed":5,"minecraft:shears":176,"waystones:waystone":2,"biomesoplenty:umbran_planks":156,"easy_villagers:villager":27,"minecraft:bread":66,"minecraft:gravel":2,"minecraft:lilac":8,"biomesoplenty:umbran_slab":53,"minecraft:diamond_sword":34,"minecraft:grindstone":1,"minecraft:smithing_table":1,"minecraft:andesite":5,"minecraft:oak_boat":1,"minecraft:cobweb":8,"biomesoplenty:umbran_fence_gate":2,"biomesoplenty:jacaranda_sign":2,"minecraft:bone_meal":7,"minecraft:experience_bottle":1,"minecraft:enchanting_table":2,"iceandfire:silver_sword":34,"minecraft:spruce_planks":13,"minecraft:torch":62,"minecraft:dirt":332,"minecraft:anvil":1,"minecraft:spruce_stairs":2,"minecraft:iron_hoe":173,"minecraft:dark_oak_planks":8,"minecraft:bookshelf":24,"minecraft:iron_axe":699,"easy_villagers:trader":9,"biomesoplenty:umbran_sapling":63,"minecraft:soul_soil":2,"tombstone:gift":4,"easy_villagers:incubator":2,"minecraft:cooked_beef":5,"minecraft:pumpkin":6,"minecraft:brown_bed":3,"minecraft:cooked_mutton":12,"minecraft:wheat_seeds":7,"minecraft:water_bucket":334,"easy_villagers:farmer":2,"minecraft:fletching_table":6,"minecraft:stonecutter":1,"biomesoplenty:umbran_trapdoor":4,"minecraft:crafting_table":10,"minecraft:white_bed":3,"minecraft:spruce_log":1,"cataclysm:stone_tile_stairs":4,"minecraft:oak_log":3,"minecraft:black_wool":16,"minecraft:cornflower":3,"minecraft:diamond_pickaxe":276,"minecraft:apple":1,"minecraft:oxeye_daisy":1,"minecraft:diamond_shovel":14,"minecraft:iron_pickaxe":819,"minecraft:suspicious_stew":1,"minecraft:stone_axe":232,"minecraft:cobblestone":100,"minecraft:bucket":344,"minecraft:glass_pane":2,"alexsmobs:animal_dictionary":24,"biomesoplenty:orange_autumn_leaves":40,"minecraft:dandelion":47},"minecraft:killed":{"creeperoverhaul:beach_creeper":2,"minecraft:spider":6,"minecraft:skeleton":9,"minecraft:iron_golem":2,"minecraft:creeper":1,"minecraft:pillager":1,"minecraft:zombie":23,"minecraft:cow":2,"iceandfire:ghost":9,"friendsandfoes:moobloom":3},"minecraft:custom":{"minecraft:interact_with_crafting_table":136,"minecraft:open_barrel":17,"minecraft:leave_game":13,"minecraft:time_since_death":388825,"minecraft:sprint_one_cm":2324027,"minecraft:damage_blocked_by_shield":2325,"minecraft:drop":208,"minecraft:talked_to_villager":117,"minecraft:play_time":1020954,"minecraft:deaths":16,"minecraft:jump":5097,"minecraft:interact_with_brewingstand":4,"minecraft:walk_on_water_one_cm":130868,"minecraft:interact_with_furnace":46,"minecraft:traded_with_villager":557,"minecraft:sleep_in_bed":38,"minecraft:waystone_activated":7,"minecraft:open_enderchest":2,"minecraft:damage_dealt":13521,"minecraft:crouch_one_cm":36520,"tombstone:undead_killed":41,"minecraft:inspect_dispenser":4,"minecraft:horse_one_cm":1731,"minecraft:interact_with_smithing_table":1,"minecraft:interact_with_anvil":18,"minecraft:mob_kills":61,"minecraft:interact_with_campfire":4,"minecraft:climb_one_cm":78397,"minecraft:walk_one_cm":2421641,"minecraft:sneak_time":15987,"minecraft:walk_under_water_one_cm":53959,"minecraft:boat_one_cm":180415,"minecraft:interact_with_lectern":3,"minecraft:interact_with_blast_furnace":2,"minecraft:total_world_time":1020954,"tombstone:raider_killed":6,"minecraft:interact_with_stonecutter":3,"minecraft:time_since_rest":12684,"minecraft:damage_taken":7505,"minecraft:trigger_trapped_chest":3,"minecraft:swim_one_cm":123491,"minecraft:fly_one_cm":704318,"minecraft:open_chest":372,"minecraft:fall_one_cm":65726},"minecraft:picked_up":{"minecraft:wheat":17,"minecraft:iron_chestplate":1,"minecraft:black_carpet":6,"easy_villagers:breeder":1,"minecraft:prismarine_shard":2,"biomesoplenty:umbran_slab":2,"minecraft:smithing_table":1,"biomesoplenty:umbran_trapdoor":4,"biomesoplenty:orange_autumn_sapling":6,"minecraft:brown_bed":3,"minecraft:potion":1,"biomesoplenty:violet":1,"minecraft:enchanted_book":21,"minecraft:stone_brick_stairs":2,"tombstone:grave_key":1,"minecraft:brewing_stand":3,"minecraft:lapis_block":8,"iceandfire:manuscript":41,"minecraft:string":16,"minecraft:soul_soil":2,"minecraft:raw_copper":28,"minecraft:iron_leggings":2,"minecraft:experience_bottle":1,"minecraft:beetroot":9,"minecraft:gold_nugget":303,"minecraft:smooth_stone":2,"minecraft:bucket":2,"minecraft:spruce_planks":15,"minecraft:iron_pickaxe":1,"farmersdelight:cabbage_seeds":6,"minecraft:furnace":3,"minecraft:stick":216,"iceandfire:ghost_chest":6,"minecraft:torch":28,"biomesoplenty:umbran_planks":161,"minecraft:acacia_log":2,"minecraft:spruce_stairs":6,"tombstone:grave_dust":7,"iceandfire:armor_silver_metal_boots":1,"minecraft:rotten_flesh":42,"artifacts:villager_hat":1,"biomesoplenty:umbran_fence_gate":1,"iceandfire:fire_dragon_heart":2,"minecraft:carved_pumpkin":12,"supplementaries:ash":5,"minecraft:obsidian":11,"minecraft:cobblestone":1094,"paraglider:paraglider":1,"minecraft:enchanting_table":1,"minecraft:magma_block":1,"minecraft:cooked_beef":4,"minecraft:lilac":9,"farmersdelight:rice":6,"minecraft:water_bucket":1,"minecraft:black_bed":5,"minecraft:dark_oak_boat":2,"minecraft:potato":112,"exposure:aged_photograph":1,"minecraft:flint":3,"iceandfire:dragonscales_bronze":11,"minecraft:dirt":476,"minecraft:bone":49,"minecraft:stonecutter":1,"minecraft:bow":11,"minecraft:wheat_seeds":241,"easy_villagers:trader":8,"minecraft:raw_gold":3,"minecraft:fletching_table":7,"minecraft:moss_block":1,"minecraft:oak_planks":4,"biomesoplenty:toadstool":5,"minecraft:cooked_porkchop":1,"iceandfire:dragon_skull_fire":1,"minecraft:sand":44,"minecraft:dark_oak_log":21,"alexsmobs:animal_dictionary":1,"cataclysm:stone_tiles":3,"minecraft:bundle":1,"cataclysm:lionfish":1,"minecraft:iron_hoe":1,"handcrafted:stackable_book":13,"waystones:waystone":2,"minecraft:crossbow":3,"graveyard:lower_bone_staff":4,"minecraft:grass":4,"minecraft:emerald":211,"minecraft:bread":40,"minecraft:oak_sapling":33,"minecraft:netherrack":54,"minecraft:oak_leaves":117,"iceandfire:raw_silver":3,"minecraft:lingering_potion":1,"minecraft:coarse_dirt":2,"minecraft:crafting_table":9,"minecraft:azure_bluet":2,"minecraft:ladder":1,"minecraft:nether_wart":4,"cataclysm:stone_tile_stairs":1,"minecraft:chain":2,"minecraft:cornflower":3,"minecraft:iron_axe":10,"minecraft:white_carpet":1,"minecraft:item_frame":7,"minecraft:iron_shovel":2,"iceandfire:graveyard_soil":9,"minecraft:beef":5,"minecraft:poppy":5,"minecraft:iron_nugget":8,"biomesoplenty:sprout":11,"minecraft:lectern":2,"minecraft:chest":5,"minecraft:sugar_cane":56,"minecraft:birch_sapling":2,"minecraft:egg":2,"easy_villagers:incubator":1,"minecraft:raw_iron":2,"minecraft:sandstone":117,"iceandfire:dragonbone":7,"minecraft:copper_ingot":3,"minecraft:bowl":3,"minecraft:fire_charge":19,"minecraft:stone_button":2,"minecraft:carrot":294,"iceandfire:silver_ingot":2,"minecraft:arrow":10,"biomesoplenty:umbran_sapling":315,"minecraft:beetroot_seeds":28,"minecraft:shears":1,"minecraft:saddle":1,"minecraft:gold_ingot":5,"minecraft:glow_berries":1,"minecraft:skeleton_skull":4,"minecraft:white_wool":18,"minecraft:oxeye_daisy":1,"minecraft:leather":15,"minecraft:fern":1,"minecraft:acacia_wood":12,"biomesoplenty:umbran_door":2,"minecraft:oak_log":81,"biomesoplenty:orange_autumn_leaves":43,"iceandfire:ectoplasm":9,"minecraft:gunpowder":6,"minecraft:paper":8,"minecraft:white_banner":1,"minecraft:apple":17,"minecraft:stone_bricks":1,"iceandfire:armor_silver_metal_helmet":1,"minecraft:iron_ingot":22,"minecraft:stone_pickaxe":6,"minecraft:cobweb":2,"minecraft:glass_bottle":12,"minecraft:iron_sword":1,"iceandfire:fire_dragon_flesh":7,"minecraft:soul_sand":3,"biomesoplenty:umbran_log":1120,"minecraft:book":40,"minecraft:scaffolding":1,"minecraft:pumpkin":14,"minecraft:sweet_berries":7,"minecraft:brush":1,"minecraft:dandelion":55,"minecraft:gravel":26,"minecraft:amethyst_shard":6,"minecraft:spruce_sapling":25,"minecraft:white_bed":3,"minecraft:spruce_log":10,"artifacts:scarf_of_invisibility":1,"minecraft:spider_eye":1,"minecraft:pumpkin_seeds":44,"iceandfire:silver_sword":1,"minecraft:iron_helmet":27,"tombstone:magic_scroll":2,"minecraft:melon_seeds":3,"minecraft:black_wool":20,"minecraft:coal":43,"minecraft:sunflower":2},"minecraft:broken":{"minecraft:stone_pickaxe":2,"minecraft:golden_sword":1,"minecraft:stone_axe":2}},"DataVersion":3465}