{"stats":{"minecraft:killed_by":{"minecraft:iron_golem":1},"minecraft:broken":{"minecraft:stone_axe":1,"minecraft:iron_pickaxe":1,"iceandfire:silver_axe":1},"minecraft:custom":{"minecraft:animals_bred":25,"minecraft:interact_with_crafting_table":48,"minecraft:open_barrel":3,"goblintraders:trade_with_goblin":10,"minecraft:bell_ring":1,"minecraft:eat_cake_slice":2,"minecraft:leave_game":6,"minecraft:time_since_death":111546,"minecraft:sprint_one_cm":686875,"minecraft:damage_blocked_by_shield":2070,"minecraft:drop":350,"minecraft:talked_to_villager":65,"minecraft:play_time":290159,"minecraft:deaths":6,"minecraft:jump":5964,"minecraft:walk_on_water_one_cm":46120,"minecraft:interact_with_furnace":88,"minecraft:traded_with_villager":138,"minecraft:interact_with_loom":1,"minecraft:sleep_in_bed":8,"minecraft:waystone_activated":2,"minecraft:open_enderchest":1,"minecraft:damage_dealt":17609,"minecraft:crouch_one_cm":9288,"tombstone:undead_killed":44,"minecraft:interact_with_smoker":21,"minecraft:mob_kills":109,"minecraft:climb_one_cm":4834,"minecraft:walk_one_cm":1476454,"minecraft:sneak_time":3796,"minecraft:walk_under_water_one_cm":798,"minecraft:total_world_time":290159,"minecraft:time_since_rest":6425,"minecraft:damage_taken":6957,"minecraft:trigger_trapped_chest":12,"minecraft:swim_one_cm":44886,"minecraft:fly_one_cm":1310388,"minecraft:open_chest":192,"minecraft:fall_one_cm":104496},"minecraft:mined":{"minecraft:spruce_planks":4,"farmersdelight:rich_soil":3,"minecraft:cobblestone_stairs":1,"minecraft:grass_block":27,"iceandfire:lectern":1,"minecraft:coal_block":11,"minecraft:oxeye_daisy":2,"graveyard:lower_bone_staff":1,"minecraft:chiseled_stone_bricks":1,"minecraft:iron_ore":67,"minecraft:deepslate_lapis_ore":8,"minecraft:azure_bluet":1,"minecraft:enchanting_table":1,"minecraft:polished_deepslate_slab":2,"minecraft:dirt_path":4,"minecraft:oak_stairs":1,"minecraft:iron_block":3,"minecraft:deepslate_redstone_ore":17,"minecraft:torch":4,"minecraft:poppy":2,"minecraft:chest":1,"minecraft:cobblestone":2,"minecraft:oak_planks":4,"minecraft:iron_door":1,"minecraft:wall_torch":7,"minecraft:birch_log":29,"minecraft:lilac":1,"biomesoplenty:umbran_log":526,"minecraft:grass":2051,"minecraft:oak_log":136,"minecraft:dirt":64,"minecraft:oak_leaves":1,"minecraft:deepslate":302,"minecraft:tuff":28,"iceandfire:silver_ore":18,"minecraft:mossy_cobblestone":3,"minecraft:deepslate_diamond_ore":24,"minecraft:cobbled_deepslate_slab":2,"biomesoplenty:bush":2,"minecraft:spruce_fence":1,"minecraft:hay_block":15,"minecraft:furnace":2,"minecraft:diamond_block":1,"minecraft:peony":3,"minecraft:deepslate_iron_ore":4,"minecraft:stone":284,"minecraft:white_wool":5,"minecraft:ender_chest":1,"minecraft:redstone_block":1,"minecraft:dandelion":6,"minecraft:oak_fence":1,"minecraft:crafting_table":6,"minecraft:cornflower":2,"minecraft:campfire":5,"minecraft:tall_grass":521,"minecraft:copper_ore":5,"biomesoplenty:sprout":3,"minecraft:deepslate_gold_ore":13,"biomesoplenty:umbran_sapling":2,"minecraft:blue_bed":3,"supplementaries:urn":7,"minecraft:spruce_stairs":3,"minecraft:spruce_log":38,"iceandfire:ash":1,"minecraft:coal_ore":368,"minecraft:gravel":2,"minecraft:cobweb":40,"minecraft:stone_bricks":1,"biomesoplenty:umbran_button":1,"minecraft:infested_stone":1,"minecraft:birch_fence":1,"minecraft:fern":1},"minecraft:picked_up":{"minecraft:wooden_axe":1,"minecraft:iron_chestplate":1,"minecraft:wheat":221,"minecraft:redstone_block":1,"minecraft:oak_stairs":1,"minecraft:enchanted_book":3,"iceandfire:armor_silver_metal_chestplate":3,"minecraft:string":48,"minecraft:raw_copper":15,"minecraft:cooked_salmon":4,"minecraft:iron_leggings":1,"minecraft:pufferfish":1,"minecraft:experience_bottle":1,"minecraft:beetroot":2,"minecraft:cobbled_deepslate":303,"minecraft:bucket":1,"minecraft:spruce_planks":57,"minecraft:iron_pickaxe":2,"alexsmobs:raccoon_tail":1,"minecraft:coal_block":11,"minecraft:furnace":2,"minecraft:stick":93,"minecraft:oak_fence":1,"minecraft:torch":14,"minecraft:spruce_stairs":5,"minecraft:porkchop":16,"tombstone:grave_dust":5,"minecraft:rotten_flesh":27,"artifacts:villager_hat":1,"supplementaries:antique_ink":2,"iceandfire:fire_dragon_heart":1,"minecraft:iron_block":5,"minecraft:carved_pumpkin":1,"alexsmobs:emu_egg":3,"supplementaries:ash":14,"minecraft:obsidian":8,"minecraft:cobblestone":338,"minecraft:birch_log":29,"minecraft:enchanting_table":1,"minecraft:cooked_beef":8,"minecraft:lilac":1,"minecraft:iron_door":1,"minecraft:potato":10,"paraglider:spirit_orb":5,"minecraft:tuff":28,"minecraft:lapis_lazuli":55,"minecraft:dirt":102,"minecraft:lantern":1,"minecraft:bone":33,"minecraft:bow":2,"minecraft:wheat_seeds":835,"minecraft:raw_gold":13,"minecraft:cobbled_deepslate_slab":2,"minecraft:rabbit":3,"minecraft:oak_planks":5,"minecraft:honeycomb":3,"biomesoplenty:toadstool":1,"iceandfire:dragon_skull_fire":1,"minecraft:diamond_block":1,"minecraft:mossy_cobblestone":1,"minecraft:bundle":1,"minecraft:diamond":37,"iceandfire:lectern":1,"waystones:waystone":1,"minecraft:bread":2,"alexsmobs:maggot":2,"minecraft:oak_sapling":40,"iceandfire:raw_silver":17,"minecraft:charcoal":10,"minecraft:crafting_table":6,"minecraft:azure_bluet":1,"minecraft:chicken":1,"minecraft:wooden_pickaxe":1,"minecraft:cornflower":3,"alexsmobs:cooked_catfish":1,"minecraft:item_frame":6,"minecraft:birch_fence":1,"minecraft:beef":29,"minecraft:poppy":2,"minecraft:light_gray_wool":2,"minecraft:chest":1,"minecraft:birch_sapling":4,"iceandfire:dragonscales_gray":10,"minecraft:raw_iron":73,"iceandfire:dragonbone":11,"minecraft:polished_deepslate_slab":2,"minecraft:spruce_fence":1,"minecraft:cookie":1,"minecraft:carrot":2,"minecraft:redstone":79,"iceandfire:silver_ingot":4,"iceandfire:cyclops_eye":1,"minecraft:arrow":25,"artifacts:cowboy_hat":1,"biomesoplenty:jacaranda_log":17,"biomesoplenty:umbran_sapling":127,"minecraft:peony":1,"minecraft:hay_block":16,"tombstone:essence_of_undeath":2,"minecraft:mutton":43,"minecraft:white_wool":23,"minecraft:oxeye_daisy":2,"farmersdelight:rich_soil":3,"minecraft:leather":26,"minecraft:mushroom_stew":1,"minecraft:oak_log":116,"minecraft:gunpowder":4,"minecraft:cobblestone_stairs":1,"minecraft:blue_bed":4,"minecraft:apple":6,"minecraft:stone_bricks":1,"minecraft:iron_ingot":70,"tombstone:bag_of_seeds":1,"minecraft:iron_sword":3,"iceandfire:fire_dragon_flesh":5,"biomesoplenty:umbran_log":512,"minecraft:sweet_berries":1,"iceandfire:ash":1,"minecraft:dandelion":4,"minecraft:gravel":2,"minecraft:spruce_sapling":12,"minecraft:spruce_log":43,"artifacts:scarf_of_invisibility":1,"minecraft:spider_eye":3,"minecraft:oak_button":64,"tombstone:magic_scroll":4,"minecraft:black_wool":1,"minecraft:coal":373},"minecraft:killed":{"minecraft:spider":3,"minecraft:skeleton":12,"minecraft:silverfish":1,"artifacts:mimic":1,"minecraft:wolf":1,"minecraft:pig":6,"minecraft:zombie_villager":1,"minecraft:creeper":2,"minecraft:sheep":17,"minecraft:zombie":26,"minecraft:cow":17,"alexsmobs:raccoon":1,"minecraft:husk":2,"iceandfire:cyclops":1,"minecraft:rabbit":1,"iceandfire:ghost":3,"minecraft:enderman":1},"minecraft:used":{"iceandfire:lectern":1,"minecraft:chest":10,"minecraft:shield":22,"minecraft:iron_sword":117,"minecraft:mutton":3,"minecraft:lava_bucket":3,"minecraft:iron_helmet":1,"minecraft:item_frame":2,"minecraft:bow":7,"minecraft:hay_block":1,"minecraft:sweet_berries":1,"minecraft:oak_sapling":3,"minecraft:furnace":7,"minecraft:potato":14,"minecraft:stone_pickaxe":85,"minecraft:wooden_pickaxe":30,"minecraft:blue_bed":2,"minecraft:diamond_axe":580,"minecraft:cookie":1,"minecraft:mushroom_stew":1,"iceandfire:silver_axe":338,"minecraft:birch_fence":2,"waystones:waystone":1,"biomesoplenty:umbran_planks":4,"easy_villagers:villager":4,"minecraft:bread":4,"minecraft:pufferfish":1,"minecraft:golden_pickaxe":3,"minecraft:cobweb":3,"minecraft:experience_bottle":1,"minecraft:oak_fence":1,"sophisticatedbackpacks:iron_backpack":1,"minecraft:stone_sword":886,"minecraft:spruce_planks":24,"minecraft:cooked_salmon":3,"minecraft:cooked_chicken":1,"minecraft:torch":38,"minecraft:dirt":58,"minecraft:wooden_axe":5,"alexsmobs:maggot":2,"minecraft:iron_block":1,"biomesoplenty:umbran_sapling":59,"minecraft:diamond_chestplate":1,"minecraft:golden_carrot":2,"tombstone:gift":2,"minecraft:cooked_beef":22,"minecraft:cobbled_deepslate":29,"minecraft:iron_leggings":1,"minecraft:cooked_mutton":36,"alexsmobs:cooked_catfish":1,"minecraft:water_bucket":125,"minecraft:leather_boots":1,"minecraft:crafting_table":8,"iceandfire:armor_silver_metal_chestplate":1,"tombstone:bag_of_seeds":1,"minecraft:diamond_pickaxe":672,"minecraft:oak_button":50,"minecraft:iron_pickaxe":443,"minecraft:stone_axe":175,"biomesoplenty:umbran_button":64,"minecraft:cobblestone":8,"minecraft:cooked_porkchop":9,"minecraft:bucket":128,"alexsmobs:animal_dictionary":9,"alexsmobs:emu_egg":3},"minecraft:crafted":{"minecraft:oak_planks":252,"minecraft:cooked_chicken":1,"sophisticatedbackpacks:crafting_upgrade":2,"minecraft:cooked_mutton":41,"minecraft:chest":12,"minecraft:cooked_rabbit":3,"iceandfire:silver_axe":1,"sophisticatedbackpacks:backpack":1,"minecraft:emerald":136,"minecraft:cooked_porkchop":17,"minecraft:diamond_axe":1,"minecraft:crafting_table":5,"minecraft:spruce_planks":164,"minecraft:baked_potato":9,"minecraft:wooden_pickaxe":1,"minecraft:iron_helmet":1,"minecraft:birch_planks":44,"sophisticatedbackpacks:upgrade_base":3,"minecraft:diamond_pickaxe":2,"minecraft:shield":1,"minecraft:birch_fence":3,"minecraft:stick":1921,"minecraft:iron_ingot":37,"minecraft:iron_pickaxe":3,"minecraft:stone_sword":1,"minecraft:gold_ingot":18,"biomesoplenty:umbran_button":64,"minecraft:coal":218,"minecraft:furnace":5,"minecraft:stone_pickaxe":1,"minecraft:wheat":135,"sophisticatedbackpacks:iron_backpack":2,"minecraft:cooked_beef":15,"biomesoplenty:umbran_planks":984,"minecraft:coal_block":15,"iceandfire:silver_ingot":15,"sophisticatedbackpacks:gold_backpack":1,"minecraft:stone_axe":2,"minecraft:air":0,"minecraft:bread":31,"minecraft:blue_dye":1,"minecraft:wooden_axe":1,"minecraft:torch":36,"minecraft:diamond_chestplate":1},"minecraft:dropped":{"minecraft:iron_sword":2,"minecraft:golden_pickaxe":1,"minecraft:diamond":22,"minecraft:crafting_table":1,"minecraft:cooked_porkchop":5,"minecraft:honeycomb":3,"paraglider:spirit_orb":1,"minecraft:item_frame":4,"minecraft:cobblestone_stairs":1,"minecraft:dirt":33,"minecraft:birch_fence":2,"minecraft:cornflower":2,"iceandfire:ash":1,"minecraft:iron_pickaxe":3,"alexsmobs:raccoon_tail":1,"minecraft:blue_bed":1,"minecraft:gravel":2,"minecraft:stone_axe":1,"minecraft:diamond_block":1,"minecraft:cobbled_deepslate":262,"minecraft:birch_sapling":4,"minecraft:wheat":1,"minecraft:beetroot":2,"minecraft:rotten_flesh":13,"artifacts:villager_hat":2,"minecraft:oak_planks":1,"minecraft:azure_bluet":1,"minecraft:carrot":2,"supplementaries:antique_ink":1,"minecraft:poppy":2,"supplementaries:ash":14,"minecraft:gunpowder":4,"minecraft:leather_boots":1,"minecraft:arrow":15,"artifacts:scarf_of_invisibility":1,"minecraft:iron_ingot":18,"minecraft:enchanted_book":4,"minecraft:golden_boots":1,"minecraft:bread":28,"minecraft:wheat_seeds":833,"minecraft:lilac":1,"minecraft:mossy_cobblestone":1,"minecraft:cobblestone":272,"minecraft:spruce_stairs":4,"minecraft:oxeye_daisy":2,"tombstone:magic_scroll":1,"minecraft:wooden_axe":2,"minecraft:cooked_salmon":1,"minecraft:iron_door":1,"iceandfire:armor_silver_metal_chestplate":2,"minecraft:iron_leggings":1,"sophisticatedbackpacks:crafting_upgrade":1,"minecraft:string":32,"minecraft:spruce_sapling":12,"minecraft:dandelion":2,"minecraft:stone_sword":1,"minecraft:bowl":1,"minecraft:tuff":28,"minecraft:polished_deepslate_slab":2,"minecraft:cobbled_deepslate_slab":2,"minecraft:oak_button":14,"minecraft:peony":1,"minecraft:spruce_planks":55,"minecraft:iron_chestplate":2,"minecraft:oak_sapling":20,"minecraft:carved_pumpkin":1,"minecraft:spider_eye":3,"minecraft:stone_bricks":1,"tombstone:essence_of_undeath":1,"vinery:grapevine_stem":16,"minecraft:bow":1,"minecraft:stone_pickaxe":1,"minecraft:wooden_pickaxe":2,"minecraft:black_wool":1}},"DataVersion":3465}